field,api,lease_name,well_number,operator,well_status,cycle_index,inject_start,inject_end,inject_months,inject_days,steam_bbl_cwe,steam_tonnes,n_months_estimated_flag,gap_days_to_next_inject_proxy_produce_phase,produce_phase_censored,oil_m3,oil_data_available,cycle_sor_t_per_m3,peak_rate_bbl_d,pre_steam_baseline_bbl_d,uplift_x
Coalinga,040190281900,Unspecified,4-2,Chevron U.S.A. Inc.,Active,0,2019-10-31,2019-10-31,1,8.0,6660.0,1058.94,0,243.0,False,,False,,,,
Coalinga,040190281900,Unspecified,4-2,Chevron U.S.A. Inc.,Active,1,2020-06-30,2020-06-30,1,7.0,6036.0,959.72,0,,True,,False,,,,
Coalinga,040190420001,Premier,1-A,Chevron U.S.A. Inc.,Active,0,2019-05-31,2019-05-31,1,6.0,5399.0,858.44,0,92.0,False,,False,,,,
Coalinga,040190420001,Premier,1-A,Chevron U.S.A. Inc.,Active,1,2019-08-31,2019-08-31,1,6.0,5249.0,834.59,0,,True,,False,,,,
Coalinga,040190420301,Premier,2-B,Chevron U.S.A. Inc.,Active,0,2019-03-31,2019-03-31,1,7.0,5983.0,951.3,0,153.0,False,,False,,,,
Coalinga,040190420301,Premier,2-B,Chevron U.S.A. Inc.,Active,1,2019-08-31,2019-08-31,1,2.0,1089.0,173.15,0,61.0,False,,False,,,,
Coalinga,040190420301,Premier,2-B,Chevron U.S.A. Inc.,Active,2,2019-10-31,2019-10-31,1,2.0,1059.0,168.38,0,92.0,False,,False,,,,
Coalinga,040190420301,Premier,2-B,Chevron U.S.A. Inc.,Active,3,2020-01-31,2020-01-31,1,2.0,1124.0,178.72,0,304.0,False,,False,,,,
Coalinga,040190420301,Premier,2-B,Chevron U.S.A. Inc.,Active,4,2020-11-30,2020-11-30,1,6.0,4788.0,761.29,0,,True,,False,,,,
Coalinga,040190420402,Premier,2-C,Chevron U.S.A. Inc.,Active,0,2019-05-31,2019-05-31,1,2.0,1134.0,180.31,0,92.0,False,,False,,,,
Coalinga,040190420402,Premier,2-C,Chevron U.S.A. Inc.,Active,1,2019-08-31,2019-08-31,1,6.0,5270.0,837.93,0,91.0,False,,False,,,,
Coalinga,040190420402,Premier,2-C,Chevron U.S.A. Inc.,Active,2,2019-11-30,2019-11-30,1,6.0,5238.0,832.84,0,122.0,False,,False,,,,
Coalinga,040190420402,Premier,2-C,Chevron U.S.A. Inc.,Active,3,2020-03-31,2020-03-31,1,6.0,4965.0,789.44,0,,True,,False,,,,
Coalinga,040192000700,Star,5-B,Chevron U.S.A. Inc.,Idle,0,2018-01-31,2018-01-31,1,7.0,745.0,118.45,0,242.0,False,,False,,,,
Coalinga,040192000700,Star,5-B,Chevron U.S.A. Inc.,Idle,1,2018-09-30,2018-09-30,1,6.0,5357.0,851.76,0,151.0,False,,False,,,,
Coalinga,040192000700,Star,5-B,Chevron U.S.A. Inc.,Idle,2,2019-02-28,2019-02-28,1,2.0,922.0,146.6,0,,True,,False,,,,
Coalinga,040192001100,,763,Aera Energy LLC,Active,0,2020-12-31,2021-12-31,13,396.0,112601.0,17903.56,0,,True,,False,,,,
Coalinga,040192004600,Inca,8-H,Chevron U.S.A. Inc.,Active,0,2018-05-31,2018-05-31,1,2.0,955.0,151.84,0,,True,,False,,,,
Coalinga,040192028801,Esperanza,5-10,Chevron U.S.A. Inc.,Active,0,2019-06-30,2019-06-30,1,7.0,5385.0,856.22,0,,True,,False,,,,
Coalinga,040192029100,Esperanza,6-10,Chevron U.S.A. Inc.,Active,0,2018-01-31,2018-01-31,1,2.0,875.0,139.12,0,,True,,False,,,,
Coalinga,040192081800,Esperanza,6-12,Chevron U.S.A. Inc.,Active,0,2018-01-31,2018-01-31,1,2.0,1009.0,160.43,0,,True,,False,,,,
Coalinga,040192081801,Esperanza,6-12,Chevron U.S.A. Inc.,Active,0,2019-06-30,2019-06-30,1,7.0,7684.0,1221.76,0,,True,,False,,,,
Coalinga,040192105500,Premier,207,Chevron U.S.A. Inc.,Active,0,2019-08-31,2019-08-31,1,2.0,1010.0,160.59,0,,True,,False,,,,
Coalinga,040192116900,Penn-Zier,275,Aera Energy LLC,Active,0,2018-01-31,2018-01-31,1,3.0,1485.0,236.12,0,,True,,False,,,,
Coalinga,040192151300,Call,4-2,Aera Energy LLC,Active,0,2021-08-31,2021-08-31,1,10.0,5606.0,891.35,0,,True,,False,,,,
Coalinga,040192158900,Unspecified,4-1,Chevron U.S.A. Inc.,Active,0,2019-02-28,2019-03-31,2,8.0,6879.0,1093.76,0,183.0,False,,False,,,,
Coalinga,040192158900,Unspecified,4-1,Chevron U.S.A. Inc.,Active,1,2019-09-30,2019-10-31,2,7.0,6219.0,988.82,0,243.0,False,,False,,,,
Coalinga,040192158900,Unspecified,4-1,Chevron U.S.A. Inc.,Active,2,2020-06-30,2020-07-31,2,7.0,6036.0,959.72,0,,True,,False,,,,
Coalinga,040192160402,Unspecified,8-3A,Chevron U.S.A. Inc.,Active,0,2019-04-30,2019-04-30,1,2.0,877.0,139.44,0,,True,,False,,,,
Coalinga,040192167300,CMS,364,Aera Energy LLC,Active,0,2021-03-31,2021-03-31,1,14.0,8204.0,1304.44,0,,True,,False,,,,
Coalinga,040192174900,CMS,369,Aera Energy LLC,Active,0,2021-02-28,2021-03-31,2,7.0,4016.0,638.54,0,,True,,False,,,,
Coalinga,040192178100,CMS,376,Aera Energy LLC,Active,0,2018-01-31,2021-06-30,5,51.0,25202.0,4007.12,0,,True,,False,,,,
Coalinga,040192182600,Esperanza,4-16,Chevron U.S.A. Inc.,Active,0,2020-02-29,2020-02-29,1,2.0,982.0,156.14,0,92.0,False,,False,,,,
Coalinga,040192182600,Esperanza,4-16,Chevron U.S.A. Inc.,Active,1,2020-05-31,2020-05-31,1,3.0,2326.0,369.83,0,,True,,False,,,,
Coalinga,040192182802,Esperanza,5-13A,Chevron U.S.A. Inc.,Active,0,2020-09-30,2020-09-30,1,7.0,6130.0,974.67,0,,True,,False,,,,
Coalinga,040192182901,Esperanza,5-14,Chevron U.S.A. Inc.,Active,0,2019-12-31,2019-12-31,1,4.0,2941.0,467.62,0,91.0,False,,False,,,,
Coalinga,040192182901,Esperanza,5-14,Chevron U.S.A. Inc.,Active,1,2020-03-31,2020-03-31,1,7.0,5963.0,948.12,0,61.0,False,,False,,,,
Coalinga,040192182901,Esperanza,5-14,Chevron U.S.A. Inc.,Active,2,2020-05-31,2020-05-31,1,8.0,6727.0,1069.59,0,61.0,False,,False,,,,
Coalinga,040192182901,Esperanza,5-14,Chevron U.S.A. Inc.,Active,3,2020-07-31,2020-07-31,1,7.0,5823.0,925.86,0,61.0,False,,False,,,,
Coalinga,040192182901,Esperanza,5-14,Chevron U.S.A. Inc.,Active,4,2020-09-30,2020-09-30,1,2.0,879.0,139.76,0,,True,,False,,,,
Coalinga,040192184200,Unspecified,3-1,Chevron U.S.A. Inc.,Active,0,2018-01-31,2018-01-31,1,9.0,969.0,154.07,0,424.0,False,,False,,,,
Coalinga,040192184200,Unspecified,3-1,Chevron U.S.A. Inc.,Active,1,2019-03-31,2019-03-31,1,2.0,904.0,143.74,0,214.0,False,,False,,,,
Coalinga,040192184200,Unspecified,3-1,Chevron U.S.A. Inc.,Active,2,2019-10-31,2019-10-31,1,2.0,1045.0,166.16,0,121.0,False,,False,,,,
Coalinga,040192184200,Unspecified,3-1,Chevron U.S.A. Inc.,Active,3,2020-02-29,2020-03-31,2,2.0,971.0,154.39,0,,True,,False,,,,
Coalinga,040192184300,Unspecified,3-2,Chevron U.S.A. Inc.,Active,0,2018-05-31,2018-05-31,1,4.0,3646.0,579.71,0,122.0,False,,False,,,,
Coalinga,040192184300,Unspecified,3-2,Chevron U.S.A. Inc.,Active,1,2018-09-30,2018-09-30,1,2.0,973.0,154.71,0,182.0,False,,False,,,,
Coalinga,040192184300,Unspecified,3-2,Chevron U.S.A. Inc.,Active,2,2019-03-31,2019-04-30,2,20.0,17110.0,2720.49,0,123.0,False,,False,,,,
Coalinga,040192184300,Unspecified,3-2,Chevron U.S.A. Inc.,Active,3,2019-08-31,2019-08-31,1,11.0,10432.0,1658.69,0,396.0,False,,False,,,,
Coalinga,040192184300,Unspecified,3-2,Chevron U.S.A. Inc.,Active,4,2020-09-30,2020-09-30,1,7.0,6020.0,957.18,0,,True,,False,,,,
Coalinga,040192188500,Esperanza,4-14,Chevron U.S.A. Inc.,Active,0,2020-09-30,2020-10-31,2,7.0,5982.0,951.14,0,,True,,False,,,,
Coalinga,040192188600,Esperanza,4-15,Chevron U.S.A. Inc.,Active,0,2020-02-29,2020-02-29,1,2.0,1094.0,173.95,0,214.0,False,,False,,,,
Coalinga,040192188600,Esperanza,4-15,Chevron U.S.A. Inc.,Active,1,2020-09-30,2020-09-30,1,6.0,5004.0,795.64,0,,True,,False,,,,
Coalinga,040192211300,Penn-Zier,272,Aera Energy LLC,Active,0,2021-02-28,2021-03-31,2,16.0,7661.0,1218.1,0,,True,,False,,,,
Coalinga,040192221500,CMS,452,Aera Energy LLC,Active,0,2018-01-31,2018-01-31,1,14.0,7117.0,1131.6,0,,True,,False,,,,
Coalinga,040192221600,CMS,461,Aera Energy LLC,Active,0,2018-01-31,2018-01-31,1,7.0,3467.0,551.25,0,,True,,False,,,,
Coalinga,040192246101,Esperanza,3-14B,Chevron U.S.A. Inc.,Active,0,2020-04-30,2020-04-30,1,7.0,6024.0,957.82,0,214.0,False,,False,,,,
Coalinga,040192246101,Esperanza,3-14B,Chevron U.S.A. Inc.,Active,1,2020-11-30,2020-11-30,1,7.0,6232.0,990.89,0,,True,,False,,,,
Coalinga,040192246601,Esperanza,5-9B,Chevron U.S.A. Inc.,Active,0,2020-11-30,2020-11-30,1,9.0,8040.0,1278.36,0,,True,,False,,,,
Coalinga,040192289100,,53J,Aera Energy LLC,Active,0,2018-01-31,2019-04-30,2,8.0,5264.0,836.98,0,,True,,False,,,,
Coalinga,040192311101,Esperanza,5-12B,Chevron U.S.A. Inc.,Active,0,2019-06-30,2019-06-30,1,4.0,4103.0,652.38,0,336.0,False,,False,,,,
Coalinga,040192311101,Esperanza,5-12B,Chevron U.S.A. Inc.,Active,1,2020-05-31,2020-05-31,1,3.0,2150.0,341.85,0,,True,,False,,,,
Coalinga,040192321200,,51M,Aera Energy LLC,Active,0,2021-01-31,2021-02-28,2,17.0,9996.0,1589.36,0,,True,,False,,,,
Coalinga,040192333600,Esperanza,4-17,Chevron U.S.A. Inc.,Active,0,2020-03-31,2020-03-31,1,1.0,345.0,54.86,0,,True,,False,,,,
Coalinga,040192336500,Star,C-2,Chevron U.S.A. Inc.,Active,0,2018-02-28,2018-02-28,1,2.0,123.0,19.56,0,,True,,False,,,,
Coalinga,040192337900,Star,6BR,Chevron U.S.A. Inc.,Active,0,2018-02-28,2018-02-28,1,2.0,115.0,18.29,0,,True,,False,,,,
Coalinga,040192338000,Star,7-B,Chevron U.S.A. Inc.,Idle,0,2018-02-28,2018-02-28,1,2.0,123.0,19.56,0,,True,,False,,,,
Coalinga,040192338001,Star,7-B,Chevron U.S.A. Inc.,Idle,0,2020-02-29,2020-02-29,1,10.0,9304.0,1479.34,0,,True,,False,,,,
Coalinga,040192350500,Unspecified,7-3B,Chevron U.S.A. Inc.,Active,0,2018-01-31,2018-01-31,1,2.0,102.0,16.22,0,,True,,False,,,,
Coalinga,040192350501,Unspecified,7-3B,Chevron U.S.A. Inc.,Active,0,2019-04-30,2019-04-30,1,2.0,914.0,145.33,0,,True,,False,,,,
Coalinga,040192353400,,CHW3,Aera Energy LLC,Active,0,2018-01-31,2019-10-31,2,20.0,7133.0,1134.15,0,,True,,False,,,,
Coalinga,040192353600,Unspecified,6-2B,Chevron U.S.A. Inc.,Active,0,2019-04-30,2019-04-30,1,2.0,889.0,141.35,0,214.0,False,,False,,,,
Coalinga,040192353600,Unspecified,6-2B,Chevron U.S.A. Inc.,Active,1,2019-11-30,2019-11-30,1,2.0,1108.0,176.17,0,,True,,False,,,,
Coalinga,040192355300,Inca,3-B,Chevron U.S.A. Inc.,Active,0,2018-01-31,2018-01-31,1,1.0,65.0,10.34,0,943.0,False,,False,,,,
Coalinga,040192355300,Inca,3-B,Chevron U.S.A. Inc.,Active,1,2020-08-31,2020-08-31,1,4.0,3001.0,477.16,0,,True,,False,,,,
Coalinga,040192355900,Inca,3-D,Chevron U.S.A. Inc.,Active,0,2018-05-31,2018-05-31,1,2.0,938.0,149.14,0,792.0,False,,False,,,,
Coalinga,040192355900,Inca,3-D,Chevron U.S.A. Inc.,Active,1,2020-07-31,2020-07-31,1,4.0,2954.0,469.69,0,92.0,False,,False,,,,
Coalinga,040192355900,Inca,3-D,Chevron U.S.A. Inc.,Active,2,2020-10-31,2020-10-31,1,4.0,3054.0,485.59,0,,True,,False,,,,
Coalinga,040192356500,Inca,5-B,Chevron U.S.A. Inc.,Active,0,2019-09-30,2019-10-31,2,7.0,6175.0,981.83,0,,True,,False,,,,
Coalinga,040192358300,Inca,B-5,Chevron U.S.A. Inc.,Active,0,2018-02-28,2018-02-28,1,3.0,284.0,45.16,0,,True,,False,,,,
Coalinga,040192358301,Inca,B-5,Chevron U.S.A. Inc.,Active,0,2019-08-31,2019-08-31,1,2.0,1057.0,168.06,0,,True,,False,,,,
Coalinga,040192358400,Inca,C-5,Chevron U.S.A. Inc.,Active,0,2018-09-30,2018-09-30,1,5.0,4671.0,742.69,0,457.0,False,,False,,,,
Coalinga,040192358400,Inca,C-5,Chevron U.S.A. Inc.,Active,1,2019-12-31,2019-12-31,1,7.0,6021.0,957.34,0,121.0,False,,False,,,,
Coalinga,040192358400,Inca,C-5,Chevron U.S.A. Inc.,Active,2,2020-04-30,2020-04-30,1,6.0,5286.0,840.47,0,,True,,False,,,,
Coalinga,040192363401,Esperanza,4-11R,Chevron U.S.A. Inc.,Idle,0,2019-06-30,2019-07-31,2,4.0,2538.0,403.54,0,,True,,False,,,,
Coalinga,040192365100,Unspecified,4-2B,Chevron U.S.A. Inc.,Active,0,2019-02-28,2019-02-28,1,1.0,483.0,76.8,0,61.0,False,,False,,,,
Coalinga,040192365100,Unspecified,4-2B,Chevron U.S.A. Inc.,Active,1,2019-04-30,2019-04-30,1,7.0,5346.0,850.01,0,427.0,False,,False,,,,
Coalinga,040192365100,Unspecified,4-2B,Chevron U.S.A. Inc.,Active,2,2020-06-30,2020-06-30,1,7.0,6011.0,955.75,0,,True,,False,,,,
Coalinga,040192376202,Inca,4-F1,Chevron U.S.A. Inc.,Active,0,2020-08-31,2020-08-31,1,4.0,3134.0,498.31,0,,True,,False,,,,
Coalinga,040192412900,Penn-Zier,5-GA,Aera Energy LLC,Active,0,2021-07-31,2021-07-31,1,8.0,3855.0,612.95,0,,True,,False,,,,
Coalinga,040192414800,Penn-Zier,2-GA,Aera Energy LLC,Active,0,2021-07-31,2021-07-31,1,11.0,5473.0,870.21,0,,True,,False,,,,
Coalinga,040192414900,Penn-Zier,3-HA,Aera Energy LLC,Active,0,2021-01-31,2021-01-31,1,12.0,6385.0,1015.22,0,,True,,False,,,,
Coalinga,040192418600,Penn-Zier,2-IA,Aera Energy LLC,Active,0,2021-04-30,2021-05-31,2,14.0,7203.0,1145.28,0,,True,,False,,,,
Coalinga,040192419400,Penn-Zier,4-JA,Aera Energy LLC,Active,0,2018-01-31,2018-01-31,1,8.0,4025.0,639.98,0,,True,,False,,,,
Coalinga,040192425500,Penn-Zier,8-I,Aera Energy LLC,Active,0,2018-01-31,2018-01-31,1,8.0,3963.0,630.12,0,,True,,False,,,,
Coalinga,040192426700,Penn-Zier,7-HA,Aera Energy LLC,Active,0,2018-01-31,2018-01-31,1,8.0,4025.0,639.98,0,,True,,False,,,,
Coalinga,040192427000,Penn-Zier,7-FA,Aera Energy LLC,Active,0,2021-02-28,2021-02-28,1,8.0,3790.0,602.61,0,,True,,False,,,,
Coalinga,040192427300,Penn-Zier,211R,Aera Energy LLC,Active,0,2021-04-30,2021-04-30,1,13.0,6040.0,960.36,0,,True,,False,,,,
Coalinga,040192429600,Claremont,4-AR,Chevron U.S.A. Inc.,Idle,0,2018-09-30,2018-09-30,1,6.0,5350.0,850.65,0,,True,,False,,,,
Coalinga,040192433000,Aztec,717,Aera Energy LLC,Active,0,2021-02-28,2021-02-28,1,10.0,5519.0,877.52,0,,True,,False,,,,
Coalinga,040192433300,Aztec,728,Aera Energy LLC,Active,0,2021-03-31,2021-04-30,2,12.0,6848.0,1088.83,0,,True,,False,,,,
Coalinga,040192434000,,CHW 8,Aera Energy LLC,Active,0,2021-11-30,2021-11-30,1,15.0,8630.0,1372.17,0,,True,,False,,,,
Coalinga,040192438900,Aztec,718,Aera Energy LLC,Active,0,2021-03-31,2021-03-31,1,11.0,6439.0,1023.8,0,,True,,False,,,,
Coalinga,040192440601,Unspecified,4-H,Chevron U.S.A. Inc.,Active,0,2019-04-30,2019-04-30,1,2.0,844.0,134.2,0,580.0,False,,False,,,,
Coalinga,040192440601,Unspecified,4-H,Chevron U.S.A. Inc.,Active,1,2020-11-30,2020-11-30,1,2.0,953.0,151.53,0,,True,,False,,,,
Coalinga,040192440702,Unspecified,5-H,Chevron U.S.A. Inc.,Active,0,2019-04-30,2019-04-30,1,7.0,5304.0,843.34,0,,True,,False,,,,
Coalinga,040192441800,,238R,Chevron U.S.A. Inc.,Idle,0,2018-01-31,2018-01-31,1,2.0,127.0,20.19,0,,True,,False,,,,
Coalinga,040192442100,Unspecified,7-4NW,Chevron U.S.A. Inc.,Active,0,2018-01-31,2018-01-31,1,2.0,103.0,16.38,0,,True,,False,,,,
Coalinga,040192442200,Unspecified,8-3NW,Chevron U.S.A. Inc.,Active,0,2019-11-30,2019-11-30,1,2.0,1040.0,165.36,0,,True,,False,,,,
Coalinga,040192442700,Star,7-CR,Chevron U.S.A. Inc.,Idle,0,2018-09-30,2018-09-30,1,6.0,4917.0,781.8,0,,True,,False,,,,
Coalinga,040192448400,Star,6-6,Chevron U.S.A. Inc.,Active,0,2018-02-28,2018-02-28,1,2.0,117.0,18.6,0,,True,,False,,,,
Coalinga,040192448700,Unspecified,5-I,Chevron U.S.A. Inc.,Idle,0,2019-03-31,2019-03-31,1,6.0,4876.0,775.28,0,,True,,False,,,,
Coalinga,040192448901,Unspecified,3-I,Chevron U.S.A. Inc.,Active,0,2019-03-31,2019-03-31,1,2.0,1013.0,161.07,0,,True,,False,,,,
Coalinga,040192449100,Unspecified,6-I,Chevron U.S.A. Inc.,Idle,0,2018-01-31,2018-01-31,1,1.0,65.0,10.34,0,,True,,False,,,,
Coalinga,040192451800,Claremont,1-2SW,Chevron U.S.A. Inc.,Idle,0,2018-09-30,2018-09-30,1,8.0,7026.0,1117.13,0,,True,,False,,,,
Coalinga,040192452300,Claremont,3-4NW,Chevron U.S.A. Inc.,Active,0,2018-03-31,2018-03-31,1,2.0,70.0,11.13,0,,True,,False,,,,
Coalinga,040192453700,Unspecified,3-K,Chevron U.S.A. Inc.,Active,0,2019-03-31,2019-03-31,1,6.0,4802.0,763.52,0,61.0,False,,False,,,,
Coalinga,040192453700,Unspecified,3-K,Chevron U.S.A. Inc.,Active,1,2019-05-31,2019-05-31,1,2.0,1213.0,192.87,0,,True,,False,,,,
Coalinga,040192453801,Unspecified,4-K,Chevron U.S.A. Inc.,Active,0,2019-03-31,2019-03-31,1,7.0,6081.0,966.88,0,,True,,False,,,,
Coalinga,040192453901,Unspecified,5-K,Chevron U.S.A. Inc.,Idle,0,2019-03-31,2019-03-31,1,9.0,8214.0,1306.03,0,,True,,False,,,,
Coalinga,040192454001,Unspecified,6-K,Chevron U.S.A. Inc.,Active,0,2019-08-31,2019-08-31,1,2.0,1064.0,169.18,0,,True,,False,,,,
Coalinga,040192454100,Star,4-3,Chevron U.S.A. Inc.,Active,0,2018-09-30,2018-09-30,1,6.0,5363.0,852.72,0,,True,,False,,,,
Coalinga,040192456700,Penn-Zier,4-KA,Aera Energy LLC,Active,0,2021-04-30,2021-04-30,1,1.0,407.0,64.71,0,,True,,False,,,,
Coalinga,040192457400,Penn-Zier,5-JA,Aera Energy LLC,Active,0,2021-01-31,2021-01-31,1,6.0,2979.0,473.66,0,,True,,False,,,,
Coalinga,040192457600,Penn-Zier,5-K,Aera Energy LLC,Active,0,2021-04-30,2021-04-30,1,8.0,3810.0,605.79,0,,True,,False,,,,
Coalinga,040192458400,Star,2-BR,Chevron U.S.A. Inc.,Idle,0,2018-03-31,2018-03-31,1,8.0,504.0,80.14,0,183.0,False,,False,,,,
Coalinga,040192458400,Star,2-BR,Chevron U.S.A. Inc.,Idle,1,2018-09-30,2018-09-30,1,6.0,5031.0,799.93,0,,True,,False,,,,
Coalinga,040192460500,Premier,4-BR,Chevron U.S.A. Inc.,Active,0,2019-06-30,2019-06-30,1,2.0,1095.0,174.1,0,519.0,False,,False,,,,
Coalinga,040192460500,Premier,4-BR,Chevron U.S.A. Inc.,Active,1,2020-11-30,2020-12-31,2,4.0,3024.0,480.82,0,,True,,False,,,,
Coalinga,040192460700,Premier,3-AR,Chevron U.S.A. Inc.,Active,0,2019-08-31,2019-08-31,1,2.0,1003.0,159.48,0,153.0,False,,False,,,,
Coalinga,040192460700,Premier,3-AR,Chevron U.S.A. Inc.,Active,1,2020-01-31,2020-02-29,2,7.0,6228.0,990.25,0,61.0,False,,False,,,,
Coalinga,040192460700,Premier,3-AR,Chevron U.S.A. Inc.,Active,2,2020-04-30,2020-04-30,1,6.0,5289.0,840.95,0,,True,,False,,,,
Coalinga,040192460800,Premier,1-D,Chevron U.S.A. Inc.,Active,0,2020-02-29,2020-02-29,1,2.0,822.0,130.7,0,,True,,False,,,,
Coalinga,040192464500,Star,5-7,Chevron U.S.A. Inc.,Active,0,2018-02-28,2018-02-28,1,2.0,123.0,19.56,0,,True,,False,,,,
Coalinga,040192466702,Unspecified,2-H,Chevron U.S.A. Inc.,Idle,0,2019-04-30,2019-04-30,1,8.0,5996.0,953.36,0,,True,,False,,,,
Coalinga,040192466900,Unspecified,2-J,Chevron U.S.A. Inc.,Active,0,2019-09-30,2019-09-30,1,7.0,6188.0,983.89,0,92.0,False,,False,,,,
Coalinga,040192466900,Unspecified,2-J,Chevron U.S.A. Inc.,Active,1,2019-12-31,2019-12-31,1,6.0,5440.0,864.96,0,152.0,False,,False,,,,
Coalinga,040192466900,Unspecified,2-J,Chevron U.S.A. Inc.,Active,2,2020-05-31,2020-05-31,1,2.0,1027.0,163.29,0,,True,,False,,,,
Coalinga,040192467101,Unspecified,4-L,Chevron U.S.A. Inc.,Active,0,2019-05-31,2019-06-30,2,7.0,6527.0,1037.79,0,,True,,False,,,,
Coalinga,040192467201,Unspecified,5-L,Chevron U.S.A. Inc.,Active,0,2020-01-31,2020-01-31,1,4.0,3107.0,494.01,0,,True,,False,,,,
Coalinga,040192467302,Unspecified,6-L,Chevron U.S.A. Inc.,Active,0,2018-11-30,2018-11-30,1,2.0,1045.0,166.16,0,62.0,False,,False,,,,
Coalinga,040192467302,Unspecified,6-L,Chevron U.S.A. Inc.,Active,1,2019-01-31,2019-01-31,1,7.0,6127.0,974.19,0,,True,,False,,,,
Coalinga,040192471800,Inca,3-E3,Chevron U.S.A. Inc.,Active,0,2019-02-28,2019-02-28,1,1.0,483.0,76.8,0,61.0,False,,False,,,,
Coalinga,040192471800,Inca,3-E3,Chevron U.S.A. Inc.,Active,1,2019-04-30,2019-05-31,2,2.0,937.0,148.98,0,92.0,False,,False,,,,
Coalinga,040192471800,Inca,3-E3,Chevron U.S.A. Inc.,Active,2,2019-08-31,2019-08-31,1,2.0,970.0,154.23,0,335.0,False,,False,,,,
Coalinga,040192471800,Inca,3-E3,Chevron U.S.A. Inc.,Active,3,2020-07-31,2020-08-31,2,7.0,6171.0,981.19,0,,True,,False,,,,
Coalinga,040192471900,Inca,3-F2,Chevron U.S.A. Inc.,Active,0,2018-02-28,2018-02-28,1,2.0,117.0,18.6,0,915.0,False,,False,,,,
Coalinga,040192471900,Inca,3-F2,Chevron U.S.A. Inc.,Active,1,2020-08-31,2020-08-31,1,7.0,5953.0,946.53,0,,True,,False,,,,
Coalinga,040192473200,,219SE,Chevron U.S.A. Inc.,Active,0,2018-01-31,2018-01-31,1,7.0,727.0,115.59,0,,True,,False,,,,
Coalinga,040192474201,Claremont,3-E2,Chevron U.S.A. Inc.,Active,0,2020-01-31,2020-01-31,1,1.0,457.0,72.66,0,,True,,False,,,,
Coalinga,040192479100,CMS,351,Aera Energy LLC,Active,0,2021-11-30,2021-12-31,2,14.0,7714.0,1226.53,0,,True,,False,,,,
Coalinga,040192480600,Star,6-CR,Chevron U.S.A. Inc.,Active,0,2018-02-28,2018-02-28,1,2.0,117.0,18.6,0,153.0,False,,False,,,,
Coalinga,040192480600,Star,6-CR,Chevron U.S.A. Inc.,Active,1,2018-07-31,2018-07-31,1,2.0,993.0,157.89,0,,True,,False,,,,
Coalinga,040192482600,CMS,445,Aera Energy LLC,Active,0,2021-04-30,2021-04-30,1,11.0,6919.0,1100.12,0,,True,,False,,,,
Coalinga,040192482700,CMS,446,Aera Energy LLC,Active,0,2018-01-31,2018-01-31,1,7.0,3579.0,569.06,0,,True,,False,,,,
Coalinga,040192485101,Claremont,4-E2,Chevron U.S.A. Inc.,Active,0,2019-05-31,2019-05-31,1,7.0,6308.0,1002.97,0,245.0,False,,False,,,,
Coalinga,040192485101,Claremont,4-E2,Chevron U.S.A. Inc.,Active,1,2020-01-31,2020-01-31,1,2.0,1093.0,173.79,0,,True,,False,,,,
Coalinga,040192485300,Claremont,5-E,Chevron U.S.A. Inc.,Active,0,2021-01-31,2021-01-31,1,5.0,3827.0,608.49,0,,True,,False,,,,
Coalinga,040192486001,Claremont,3-4SW,Chevron U.S.A. Inc.,Active,0,2019-04-30,2019-04-30,1,2.0,905.0,143.9,0,184.0,False,,False,,,,
Coalinga,040192486001,Claremont,3-4SW,Chevron U.S.A. Inc.,Active,1,2019-10-31,2019-10-31,1,2.0,1172.0,186.35,0,305.0,False,,False,,,,
Coalinga,040192486001,Claremont,3-4SW,Chevron U.S.A. Inc.,Active,2,2020-08-31,2020-08-31,1,2.0,1030.0,163.77,0,,True,,False,,,,
Coalinga,040192487902,Unspecified,2-L,Chevron U.S.A. Inc.,Active,0,2019-04-30,2019-04-30,1,8.0,6036.0,959.72,0,305.0,False,,False,,,,
Coalinga,040192487902,Unspecified,2-L,Chevron U.S.A. Inc.,Active,1,2020-02-29,2020-02-29,1,2.0,1055.0,167.75,0,92.0,False,,False,,,,
Coalinga,040192487902,Unspecified,2-L,Chevron U.S.A. Inc.,Active,2,2020-05-31,2020-05-31,1,2.0,992.0,157.73,0,245.0,False,,False,,,,
Coalinga,040192487902,Unspecified,2-L,Chevron U.S.A. Inc.,Active,3,2021-01-31,2021-01-31,1,2.0,1007.0,160.11,0,,True,,False,,,,
Coalinga,040192488300,Unspecified,5-M,Chevron U.S.A. Inc.,Active,0,2018-01-31,2018-01-31,1,2.0,182.0,28.94,0,,True,,False,,,,
Coalinga,040192488401,Unspecified,6-M,Chevron U.S.A. Inc.,Active,0,2019-06-30,2019-06-30,1,3.0,2139.0,340.1,0,,True,,False,,,,
Coalinga,040192488500,Premier,1-E2,Chevron U.S.A. Inc.,Active,0,2018-02-28,2018-02-28,1,2.0,163.0,25.92,0,,True,,False,,,,
Coalinga,040192488502,Premier,1-E2,Chevron U.S.A. Inc.,Active,0,2018-03-31,2018-03-31,1,6.0,378.0,60.1,0,640.0,False,,False,,,,
Coalinga,040192488502,Premier,1-E2,Chevron U.S.A. Inc.,Active,1,2019-12-31,2019-12-31,1,2.0,1083.0,172.2,0,,True,,False,,,,
Coalinga,040192488600,Premier,2-D2,Chevron U.S.A. Inc.,Active,0,2019-08-31,2019-08-31,1,2.0,1002.0,159.32,0,,True,,False,,,,
Coalinga,040192488701,Premier,3-CR,Chevron U.S.A. Inc.,Active,0,2019-03-31,2019-04-30,2,2.0,917.0,145.8,0,305.0,False,,False,,,,
Coalinga,040192488701,Premier,3-CR,Chevron U.S.A. Inc.,Active,1,2020-02-29,2020-02-29,1,2.0,1184.0,188.26,0,,True,,False,,,,
Coalinga,040192489000,Premier,6-B2,Chevron U.S.A. Inc.,Active,0,2019-03-31,2019-04-30,2,8.0,7020.0,1116.18,0,61.0,False,,False,,,,
Coalinga,040192489000,Premier,6-B2,Chevron U.S.A. Inc.,Active,1,2019-06-30,2019-06-30,1,2.0,1095.0,174.1,0,,True,,False,,,,
Coalinga,040192489100,Unspecified,4-F2,Chevron U.S.A. Inc.,Active,0,2019-02-28,2019-03-31,2,6.0,5143.0,817.74,0,244.0,False,,False,,,,
Coalinga,040192489100,Unspecified,4-F2,Chevron U.S.A. Inc.,Active,1,2019-11-30,2019-12-31,2,6.0,5032.0,800.09,0,121.0,False,,False,,,,
Coalinga,040192489100,Unspecified,4-F2,Chevron U.S.A. Inc.,Active,2,2020-04-30,2020-04-30,1,6.0,5285.0,840.32,0,,True,,False,,,,
Coalinga,040192489200,Unspecified,4-G2,Chevron U.S.A. Inc.,Active,0,2019-03-31,2019-03-31,1,7.0,6059.0,963.38,0,244.0,False,,False,,,,
Coalinga,040192489200,Unspecified,4-G2,Chevron U.S.A. Inc.,Active,1,2019-11-30,2019-12-31,2,6.0,5041.0,801.52,0,121.0,False,,False,,,,
Coalinga,040192489200,Unspecified,4-G2,Chevron U.S.A. Inc.,Active,2,2020-04-30,2020-04-30,1,6.0,5264.0,836.98,0,,True,,False,,,,
Coalinga,040192489300,Unspecified,5-F2,Chevron U.S.A. Inc.,Active,0,2018-02-28,2018-02-28,1,2.0,116.0,18.44,0,,True,,False,,,,
Coalinga,040192489301,Unspecified,5-F2,Chevron U.S.A. Inc.,Active,0,2019-03-31,2019-03-31,1,7.0,6197.0,985.32,0,214.0,False,,False,,,,
Coalinga,040192489301,Unspecified,5-F2,Chevron U.S.A. Inc.,Active,1,2019-10-31,2019-10-31,1,7.0,5991.0,952.57,0,,True,,False,,,,
Coalinga,040192489401,Unspecified,5-G2,Chevron U.S.A. Inc.,Active,0,2020-01-31,2020-01-31,1,2.0,1132.0,179.99,0,213.0,False,,False,,,,
Coalinga,040192489401,Unspecified,5-G2,Chevron U.S.A. Inc.,Active,1,2020-08-31,2020-08-31,1,2.0,1053.0,167.43,0,,True,,False,,,,
Coalinga,040192491900,Claremont,2-G,Chevron U.S.A. Inc.,Active,0,2019-05-31,2019-06-30,2,6.0,5434.0,864.01,0,,True,,False,,,,
Coalinga,040192492300,Star,7-7,Chevron U.S.A. Inc.,Active,0,2018-09-30,2018-09-30,1,6.0,5017.0,797.7,0,731.0,False,,False,,,,
Coalinga,040192492300,Star,7-7,Chevron U.S.A. Inc.,Active,1,2020-09-30,2020-09-30,1,4.0,2975.0,473.03,0,,True,,False,,,,
Coalinga,040192492600,Star,3-3,Chevron U.S.A. Inc.,Active,0,2018-05-31,2018-05-31,1,2.0,979.0,155.66,0,,True,,False,,,,
Coalinga,040192492701,Star,5-8,Chevron U.S.A. Inc.,Active,0,2020-09-30,2020-09-30,1,7.0,6048.0,961.63,0,,True,,False,,,,
Coalinga,040192492802,Unspecified,1-L,Chevron U.S.A. Inc.,Active,0,2020-05-31,2020-05-31,1,2.0,892.0,141.83,0,61.0,False,,False,,,,
Coalinga,040192492802,Unspecified,1-L,Chevron U.S.A. Inc.,Active,1,2020-07-31,2020-07-31,1,7.0,5825.0,926.18,0,153.0,False,,False,,,,
Coalinga,040192492802,Unspecified,1-L,Chevron U.S.A. Inc.,Active,2,2020-12-31,2020-12-31,1,2.0,993.0,157.89,0,,True,,False,,,,
Coalinga,040192493900,CMS,148,Aera Energy LLC,Active,0,2021-04-30,2021-04-30,1,11.0,7149.0,1136.69,0,,True,,False,,,,
Coalinga,040192494700,CMS,377A,Aera Energy LLC,Idle,0,2018-01-31,2018-01-31,1,2.0,1039.0,165.2,0,,True,,False,,,,
Coalinga,040192496000,Penn-Zier,8-F,Aera Energy LLC,Active,0,2021-07-31,2021-08-31,2,16.0,8012.0,1273.91,0,,True,,False,,,,
Coalinga,040192496100,Penn-Zier,8-FA,Aera Energy LLC,Active,0,2021-03-31,2021-03-31,1,10.0,5100.0,810.9,0,,True,,False,,,,
Coalinga,040192496200,Penn-Zier,8-IA,Aera Energy LLC,Active,0,2018-01-31,2018-01-31,1,8.0,4115.0,654.28,0,,True,,False,,,,
Coalinga,040192496300,Penn-Zier,8-IB,Aera Energy LLC,Active,0,2018-01-31,2018-01-31,1,8.0,3943.0,626.94,0,,True,,False,,,,
Coalinga,040192497000,Unspecified,7-8NE,Chevron U.S.A. Inc.,Plugged,0,2019-06-30,2019-06-30,1,7.0,6468.0,1028.41,0,,True,,False,,,,
Coalinga,040192504200,Premier,1-F,Chevron U.S.A. Inc.,Active,0,2019-04-30,2019-04-30,1,2.0,914.0,145.33,0,550.0,False,,False,,,,
Coalinga,040192504200,Premier,1-F,Chevron U.S.A. Inc.,Active,1,2020-10-31,2020-10-31,1,4.0,2990.0,475.41,0,,True,,False,,,,
Coalinga,040192504501,Premier,2-E,Chevron U.S.A. Inc.,Active,0,2019-06-30,2019-06-30,1,2.0,1083.0,172.2,0,92.0,False,,False,,,,
Coalinga,040192504501,Premier,2-E,Chevron U.S.A. Inc.,Active,1,2019-09-30,2019-09-30,1,2.0,1027.0,163.29,0,61.0,False,,False,,,,
Coalinga,040192504501,Premier,2-E,Chevron U.S.A. Inc.,Active,2,2019-11-30,2019-11-30,1,2.0,1120.0,178.08,0,,True,,False,,,,
Coalinga,040192504701,Premier,2-G,Chevron U.S.A. Inc.,Active,0,2019-10-31,2019-10-31,1,7.0,6275.0,997.73,0,,True,,False,,,,
Coalinga,040192505200,Unspecified,4-K1,Chevron U.S.A. Inc.,Active,0,2019-06-30,2019-06-30,1,7.0,6272.0,997.25,0,,True,,False,,,,
Coalinga,040192505600,Unspecified,3-J1,Chevron U.S.A. Inc.,Active,0,2021-01-31,2021-01-31,1,2.0,1027.0,163.29,0,,True,,False,,,,
Coalinga,040192505700,Claremont,3-G,Chevron U.S.A. Inc.,Active,0,2019-06-30,2019-06-30,1,2.0,1230.0,195.57,0,123.0,False,,False,,,,
Coalinga,040192505700,Claremont,3-G,Chevron U.S.A. Inc.,Active,1,2019-10-31,2019-10-31,1,2.0,1014.0,161.23,0,,True,,False,,,,
Coalinga,040192506400,Inca,5-EH-JV,Chevron U.S.A. Inc.,Active,0,2020-03-31,2020-04-30,2,6.0,5265.0,837.13,0,,True,,False,,,,
Coalinga,040192507600,CMS,476,Aera Energy LLC,Active,0,2018-01-31,2018-01-31,1,2.0,955.0,151.84,0,,True,,False,,,,
Coalinga,040192508300,CMS,357B,Aera Energy LLC,Active,0,2018-01-31,2018-01-31,1,14.0,7275.0,1156.72,0,,True,,False,,,,
Coalinga,040192508600,CMS,367A,Aera Energy LLC,Active,0,2018-01-31,2018-01-31,1,5.0,2672.0,424.85,0,,True,,False,,,,
Coalinga,040192510300,Penn-Zier,7-D,Aera Energy LLC,Active,0,2021-01-31,2021-02-28,2,11.0,5336.0,848.42,0,,True,,False,,,,
Coalinga,040192511300,Unspecified,H3-4H,Chevron U.S.A. Inc.,Active,0,2018-05-31,2018-05-31,1,6.0,5163.0,820.92,0,548.0,False,,False,,,,
Coalinga,040192511300,Unspecified,H3-4H,Chevron U.S.A. Inc.,Active,1,2019-11-30,2019-11-30,1,11.0,10239.0,1628.0,0,244.0,False,,False,,,,
Coalinga,040192511300,Unspecified,H3-4H,Chevron U.S.A. Inc.,Active,2,2020-07-31,2020-07-31,1,7.0,6106.0,970.85,0,,True,,False,,,,
Coalinga,040192511701,Unspecified,I-4-EH4-JV,Chevron U.S.A. Inc.,Active,0,2019-03-31,2019-03-31,1,11.0,10054.0,1598.59,0,,True,,False,,,,
Coalinga,040192512700,Premier,23R,Chevron U.S.A. Inc.,Active,0,2021-02-28,2021-02-28,1,7.0,5773.0,917.91,0,,True,,False,,,,
Coalinga,040192513500,,5-21,Aera Energy LLC,Active,0,2018-01-31,2018-01-31,1,1.0,461.0,73.3,0,,True,,False,,,,
Coalinga,040192513700,,4-16A,Aera Energy LLC,Active,0,2021-08-31,2021-09-30,2,11.0,6206.0,986.75,0,,True,,False,,,,
Coalinga,040192513800,,10-14,Aera Energy LLC,Active,0,2018-01-31,2019-06-30,3,40.0,28448.0,4523.23,0,,True,,False,,,,
Coalinga,040192514700,Premier,4-CR,Chevron U.S.A. Inc.,Active,0,2018-01-31,2018-01-31,1,2.0,104.0,16.54,0,,True,,False,,,,
Coalinga,040192515000,Unspecified,6-H2,Chevron U.S.A. Inc.,Active,0,2019-05-31,2019-05-31,1,8.0,7680.0,1221.12,0,335.0,False,,False,,,,
Coalinga,040192515000,Unspecified,6-H2,Chevron U.S.A. Inc.,Active,1,2020-04-30,2020-05-31,2,6.0,5112.0,812.81,0,,True,,False,,,,
Coalinga,040192515100,Unspecified,6-G2,Chevron U.S.A. Inc.,Active,0,2019-03-31,2019-03-31,1,7.0,6266.0,996.29,0,306.0,False,,False,,,,
Coalinga,040192515100,Unspecified,6-G2,Chevron U.S.A. Inc.,Active,1,2020-01-31,2020-01-31,1,3.0,2550.0,405.45,0,90.0,False,,False,,,,
Coalinga,040192515100,Unspecified,6-G2,Chevron U.S.A. Inc.,Active,2,2020-04-30,2020-05-31,2,6.0,5111.0,812.65,0,,True,,False,,,,
Coalinga,040192515200,Penn-Zier,229-A,Aera Energy LLC,Active,0,2018-01-31,2018-01-31,1,1.0,475.0,75.53,0,,True,,False,,,,
Coalinga,040192516100,Penn-Zier,263,Aera Energy LLC,Active,0,2021-08-31,2021-09-30,2,14.0,6730.0,1070.07,0,,True,,False,,,,
Coalinga,040192516600,Penn-Zier,3-K,Aera Energy LLC,Idle,0,2018-01-31,2018-01-31,1,3.0,1485.0,236.12,0,,True,,False,,,,
Coalinga,040192516900,Penn-Zier,5-LA,Aera Energy LLC,Active,0,2021-07-31,2021-07-31,1,7.0,3420.0,543.78,0,,True,,False,,,,
Coalinga,040192517000,Penn-Zier,5-LB,Aera Energy LLC,Active,0,2021-03-31,2021-03-31,1,8.0,3732.0,593.39,0,,True,,False,,,,
Coalinga,040192517200,Penn-Zier,6-JB,Aera Energy LLC,Active,0,2021-05-31,2021-05-31,1,15.0,7571.0,1203.79,0,,True,,False,,,,
Coalinga,040192517400,Penn-Zier,6-KA,Aera Energy LLC,Active,0,2021-08-31,2021-08-31,1,10.0,4739.0,753.5,0,,True,,False,,,,
Coalinga,040192517500,Penn-Zier,6-L,Aera Energy LLC,Active,0,2021-06-30,2021-07-31,2,10.0,5509.0,875.93,0,,True,,False,,,,
Coalinga,040192517900,Unspecified,H5-6JV,Chevron U.S.A. Inc.,Active,0,2018-09-30,2018-09-30,1,6.0,5682.0,903.44,0,151.0,False,,False,,,,
Coalinga,040192517900,Unspecified,H5-6JV,Chevron U.S.A. Inc.,Active,1,2019-02-28,2019-02-28,1,11.0,10108.0,1607.17,0,397.0,False,,False,,,,
Coalinga,040192517900,Unspecified,H5-6JV,Chevron U.S.A. Inc.,Active,2,2020-03-31,2020-03-31,1,11.0,10049.0,1597.79,0,,True,,False,,,,
Coalinga,040192518000,Unspecified,H5-5JV,Chevron U.S.A. Inc.,Active,0,2018-09-30,2018-09-30,1,6.0,5682.0,903.44,0,151.0,False,,False,,,,
Coalinga,040192518000,Unspecified,H5-5JV,Chevron U.S.A. Inc.,Active,1,2019-02-28,2019-02-28,1,11.0,10108.0,1607.17,0,245.0,False,,False,,,,
Coalinga,040192518000,Unspecified,H5-5JV,Chevron U.S.A. Inc.,Active,2,2019-10-31,2019-10-31,1,7.0,6008.0,955.27,0,152.0,False,,False,,,,
Coalinga,040192518000,Unspecified,H5-5JV,Chevron U.S.A. Inc.,Active,3,2020-03-31,2020-03-31,1,11.0,9959.0,1583.48,0,,True,,False,,,,
Coalinga,040192518200,Star,5-CR2,Chevron U.S.A. Inc.,Idle,0,2018-09-30,2018-09-30,1,6.0,5357.0,851.76,0,,True,,False,,,,
Coalinga,040192518500,Unspecified,I-5-EH2-JV,Chevron U.S.A. Inc.,Active,0,2019-06-30,2019-06-30,1,7.0,6632.0,1054.49,0,,True,,False,,,,
Coalinga,040192518600,Unspecified,5-I1,Chevron U.S.A. Inc.,Idle,0,2019-04-30,2019-04-30,1,6.0,4566.0,725.99,0,,True,,False,,,,
Coalinga,040192518801,Unspecified,5-G1,Chevron U.S.A. Inc.,Active,0,2019-03-31,2019-03-31,1,2.0,1047.0,166.47,0,,True,,False,,,,
Coalinga,040192521400,Unspecified,H7-5JV,Chevron U.S.A. Inc.,Active,0,2020-08-31,2020-08-31,1,7.0,5936.0,943.82,0,153.0,False,,False,,,,
Coalinga,040192521400,Unspecified,H7-5JV,Chevron U.S.A. Inc.,Active,1,2021-01-31,2021-01-31,1,7.0,6165.0,980.24,0,,True,,False,,,,
Coalinga,040192521502,Unspecified,4-I2,Chevron U.S.A. Inc.,Active,0,2020-04-30,2020-04-30,1,7.0,6318.0,1004.56,0,,True,,False,,,,
Coalinga,040192522500,Call,1-3A,Aera Energy LLC,Active,0,2018-01-31,2018-01-31,1,1.0,461.0,73.3,0,,True,,False,,,,
Coalinga,040192522800,Call,1-4A,Aera Energy LLC,Active,0,2021-06-30,2021-06-30,1,16.0,8317.0,1322.4,0,,True,,False,,,,
Coalinga,040192523900,,3-13,Chevron U.S.A. Inc.,Active,0,2019-05-31,2019-05-31,1,2.0,932.0,148.19,0,92.0,False,,False,,,,
Coalinga,040192523900,,3-13,Chevron U.S.A. Inc.,Active,1,2019-08-31,2019-08-31,1,7.0,6098.0,969.58,0,427.0,False,,False,,,,
Coalinga,040192523900,,3-13,Chevron U.S.A. Inc.,Active,2,2020-10-31,2020-10-31,1,2.0,984.0,156.46,0,,True,,False,,,,
Coalinga,040192524000,Unspecified,3-F2,Chevron U.S.A. Inc.,Idle,0,2019-04-30,2019-04-30,1,1.0,227.0,36.09,0,,True,,False,,,,
Coalinga,040192524202,Unspecified,3-G2,Chevron U.S.A. Inc.,Active,0,2019-03-31,2019-03-31,1,2.0,1043.0,165.84,0,122.0,False,,False,,,,
Coalinga,040192524202,Unspecified,3-G2,Chevron U.S.A. Inc.,Active,1,2019-07-31,2019-07-31,1,2.0,1148.0,182.53,0,366.0,False,,False,,,,
Coalinga,040192524202,Unspecified,3-G2,Chevron U.S.A. Inc.,Active,2,2020-07-31,2020-07-31,1,2.0,992.0,157.73,0,,True,,False,,,,
Coalinga,040192524300,Unspecified,3-H1,Chevron U.S.A. Inc.,Active,0,2018-02-28,2018-03-31,2,12.0,927.0,147.39,0,334.0,False,,False,,,,
Coalinga,040192524300,Unspecified,3-H1,Chevron U.S.A. Inc.,Active,1,2019-02-28,2019-02-28,1,8.0,6888.0,1095.19,0,427.0,False,,False,,,,
Coalinga,040192524300,Unspecified,3-H1,Chevron U.S.A. Inc.,Active,2,2020-04-30,2020-04-30,1,6.0,5031.0,799.93,0,,True,,False,,,,
Coalinga,040192524401,Claremont,2-6,Chevron U.S.A. Inc.,Active,0,2020-12-31,2020-12-31,1,4.0,2781.0,442.18,0,,True,,False,,,,
Coalinga,040192526201,Unspecified,4-J2,Chevron U.S.A. Inc.,Active,0,2020-05-31,2020-05-31,1,7.0,6009.0,955.43,0,,True,,False,,,,
Coalinga,040192526401,Unspecified,5-J1,Chevron U.S.A. Inc.,Active,0,2019-04-30,2019-04-30,1,2.0,908.0,144.37,0,,True,,False,,,,
Coalinga,040192526900,Unspecified,6-J2,Chevron U.S.A. Inc.,Active,0,2018-09-30,2018-09-30,1,2.0,1056.0,167.9,0,182.0,False,,False,,,,
Coalinga,040192526900,Unspecified,6-J2,Chevron U.S.A. Inc.,Active,1,2019-03-31,2019-04-30,2,7.0,5490.0,872.91,0,92.0,False,,False,,,,
Coalinga,040192526900,Unspecified,6-J2,Chevron U.S.A. Inc.,Active,2,2019-07-31,2019-07-31,1,7.0,6515.0,1035.88,0,92.0,False,,False,,,,
Coalinga,040192526900,Unspecified,6-J2,Chevron U.S.A. Inc.,Active,3,2019-10-31,2019-10-31,1,7.0,5798.0,921.88,0,,True,,False,,,,
Coalinga,040192532700,,3-18B,Aera Energy LLC,Active,0,2018-01-31,2019-08-31,2,13.0,8430.0,1340.37,0,,True,,False,,,,
Coalinga,040192532900,,2-15A,Aera Energy LLC,Active,0,2021-02-28,2021-03-31,2,10.0,5754.0,914.89,0,,True,,False,,,,
Coalinga,040192533400,,7-9A,Aera Energy LLC,Active,0,2021-03-31,2021-04-30,2,15.0,8473.0,1347.21,0,,True,,False,,,,
Coalinga,040192533500,,7-10A,Aera Energy LLC,Active,0,2021-04-30,2021-04-30,1,15.0,7643.0,1215.24,0,,True,,False,,,,
Coalinga,040192533600,,7-13R2,Aera Energy LLC,Active,0,2018-01-31,2018-01-31,1,15.0,7864.0,1250.38,0,,True,,False,,,,
Coalinga,040192533900,,8-12A,Aera Energy LLC,Active,0,2021-05-31,2021-06-30,2,23.0,10292.0,1636.43,0,,True,,False,,,,
Coalinga,040192534000,,52J3,Aera Energy LLC,Active,0,2018-01-31,2018-01-31,1,14.0,7286.0,1158.47,0,,True,,False,,,,
Coalinga,040192534400,,57F,Aera Energy LLC,Active,0,2018-01-31,2019-07-31,5,28.0,17230.0,2739.57,0,,True,,False,,,,
Coalinga,040192534600,Call,1-5B,Aera Energy LLC,Active,0,2021-02-28,2021-03-31,2,21.0,11131.0,1769.83,0,,True,,False,,,,
Coalinga,040192535701,Claremont,4-6,Chevron U.S.A. Inc.,Active,0,2020-01-31,2020-01-31,1,2.0,1184.0,188.26,0,,True,,False,,,,
Coalinga,040192535801,Unspecified,4-L1,Chevron U.S.A. Inc.,Active,0,2019-03-31,2019-03-31,1,8.0,7028.0,1117.45,0,91.0,False,,False,,,,
Coalinga,040192535801,Unspecified,4-L1,Chevron U.S.A. Inc.,Active,1,2019-06-30,2019-06-30,1,8.0,7181.0,1141.78,0,,True,,False,,,,
Coalinga,040192536000,Unspecified,5-L2,Chevron U.S.A. Inc.,Active,0,2018-01-31,2018-01-31,1,2.0,103.0,16.38,0,,True,,False,,,,
Coalinga,040192536001,Unspecified,5-L2,Chevron U.S.A. Inc.,Active,0,2019-07-31,2019-07-31,1,2.0,1136.0,180.62,0,213.0,False,,False,,,,
Coalinga,040192536001,Unspecified,5-L2,Chevron U.S.A. Inc.,Active,1,2020-02-29,2020-02-29,1,2.0,1014.0,161.23,0,92.0,False,,False,,,,
Coalinga,040192536001,Unspecified,5-L2,Chevron U.S.A. Inc.,Active,2,2020-05-31,2020-05-31,1,2.0,950.0,151.05,0,92.0,False,,False,,,,
Coalinga,040192536001,Unspecified,5-L2,Chevron U.S.A. Inc.,Active,3,2020-08-31,2020-08-31,1,2.0,997.0,158.52,0,,True,,False,,,,
Coalinga,040192536300,Inca,6-E2,Chevron U.S.A. Inc.,Active,0,2018-01-31,2018-01-31,1,2.0,101.0,16.06,0,,True,,False,,,,
Coalinga,040192537000,Unspecified,HL-5Jv,Chevron U.S.A. Inc.,Idle,0,2019-03-31,2019-04-30,2,7.0,5490.0,872.91,0,,True,,False,,,,
Coalinga,040192540300,,10-9A,Aera Energy LLC,Active,0,2018-01-31,2021-01-31,2,30.0,12792.0,2033.93,0,,True,,False,,,,
Coalinga,040192540700,,512G,Aera Energy LLC,Active,0,2021-12-31,2021-12-31,1,20.0,6487.0,1031.43,0,,True,,False,,,,
Coalinga,040192541000,Call,2-3A,Aera Energy LLC,Active,0,2018-01-31,2021-03-31,2,22.0,12016.0,1910.54,0,,True,,False,,,,
Coalinga,040192541300,Call,4-3,Aera Energy LLC,Active,0,2021-01-31,2021-01-31,1,7.0,4022.0,639.5,0,,True,,False,,,,
Coalinga,040192541400,Claremont,1-A2,Chevron U.S.A. Inc.,Idle,0,2018-09-30,2018-09-30,1,6.0,5343.0,849.54,0,,True,,False,,,,
Coalinga,040192541501,Claremont,2-A2,Chevron U.S.A. Inc.,Active,0,2019-05-31,2019-05-31,1,2.0,1153.0,183.33,0,,True,,False,,,,
Coalinga,040192541600,Star,6-AR,Chevron U.S.A. Inc.,Active,0,2018-02-28,2018-02-28,1,2.0,115.0,18.29,0,,True,,False,,,,
Coalinga,040192541801,Claremont,2-F2,Chevron U.S.A. Inc.,Active,0,2019-11-30,2019-11-30,1,2.0,1091.0,173.47,0,275.0,False,,False,,,,
Coalinga,040192541801,Claremont,2-F2,Chevron U.S.A. Inc.,Active,1,2020-08-31,2020-08-31,1,2.0,998.0,158.68,0,,True,,False,,,,
Coalinga,040192541902,Claremont,1-F2,Chevron U.S.A. Inc.,Active,0,2019-11-30,2019-11-30,1,2.0,1091.0,173.47,0,,True,,False,,,,
Coalinga,040192542300,Premier,3-B2,Chevron U.S.A. Inc.,Active,0,2019-11-30,2019-12-31,2,2.0,968.0,153.91,0,,True,,False,,,,
Coalinga,040192542700,Star,1-6,Chevron U.S.A. Inc.,Active,0,2018-09-30,2018-09-30,1,8.0,7012.0,1114.91,0,,True,,False,,,,
Coalinga,040192542800,Premier,6-A2,Chevron U.S.A. Inc.,Active,0,2018-01-31,2018-01-31,1,2.0,115.0,18.29,0,,True,,False,,,,
Coalinga,040192543600,Unspecified,1-NR,Chevron U.S.A. Inc.,Active,0,2020-01-31,2020-02-29,2,4.0,2149.0,341.69,0,245.0,False,,False,,,,
Coalinga,040192543600,Unspecified,1-NR,Chevron U.S.A. Inc.,Active,1,2020-10-31,2020-10-31,1,2.0,955.0,151.84,0,,True,,False,,,,
Coalinga,040192543700,Claremont,4-E3,Chevron U.S.A. Inc.,Idle,0,2018-03-31,2018-03-31,1,2.0,74.0,11.77,0,,True,,False,,,,
Coalinga,040192543800,Unspecified,3-J2,Chevron U.S.A. Inc.,Idle,0,2019-03-31,2019-03-31,1,2.0,912.0,145.01,0,,True,,False,,,,
Coalinga,040192544000,Premier,3-GR,Chevron U.S.A. Inc.,Active,0,2019-02-28,2019-02-28,1,1.0,483.0,76.8,0,92.0,False,,False,,,,
Coalinga,040192544000,Premier,3-GR,Chevron U.S.A. Inc.,Active,1,2019-05-31,2019-06-30,2,6.0,5438.0,864.64,0,62.0,False,,False,,,,
Coalinga,040192544000,Premier,3-GR,Chevron U.S.A. Inc.,Active,2,2019-08-31,2019-08-31,1,6.0,5100.0,810.9,0,61.0,False,,False,,,,
Coalinga,040192544000,Premier,3-GR,Chevron U.S.A. Inc.,Active,3,2019-10-31,2019-11-30,2,13.0,10746.0,1708.61,0,122.0,False,,False,,,,
Coalinga,040192544000,Premier,3-GR,Chevron U.S.A. Inc.,Active,4,2020-03-31,2020-03-31,1,7.0,5996.0,953.36,0,,True,,False,,,,
Coalinga,040192544400,Claremont,3-6,Chevron U.S.A. Inc.,Active,0,2019-05-31,2019-05-31,1,2.0,1040.0,165.36,0,274.0,False,,False,,,,
Coalinga,040192544400,Claremont,3-6,Chevron U.S.A. Inc.,Active,1,2020-02-29,2020-02-29,1,2.0,797.0,126.72,0,,True,,False,,,,
Coalinga,040192544500,Claremont,3-E3,Chevron U.S.A. Inc.,Active,0,2019-09-30,2019-09-30,1,7.0,6150.0,977.85,0,61.0,False,,False,,,,
Coalinga,040192544500,Claremont,3-E3,Chevron U.S.A. Inc.,Active,1,2019-11-30,2019-11-30,1,7.0,5930.0,942.87,0,336.0,False,,False,,,,
Coalinga,040192544500,Claremont,3-E3,Chevron U.S.A. Inc.,Active,2,2020-10-31,2020-10-31,1,10.0,9076.0,1443.08,0,,True,,False,,,,
Coalinga,040192545100,,3-12,Chevron U.S.A. Inc.,Active,0,2019-09-30,2019-09-30,1,7.0,6443.0,1024.44,0,,True,,False,,,,
Coalinga,040192549701,Unspecified,1-J,Chevron U.S.A. Inc.,Active,0,2020-04-30,2020-04-30,1,3.0,2016.0,320.54,0,184.0,False,,False,,,,
Coalinga,040192549701,Unspecified,1-J,Chevron U.S.A. Inc.,Active,1,2020-10-31,2020-10-31,1,2.0,1000.0,159.0,0,,True,,False,,,,
Coalinga,040192551000,Unspecified,H7-7Jv,Chevron U.S.A. Inc.,Active,0,2019-02-28,2019-02-28,1,11.0,10146.0,1613.21,0,275.0,False,,False,,,,
Coalinga,040192551000,Unspecified,H7-7Jv,Chevron U.S.A. Inc.,Active,1,2019-11-30,2019-11-30,1,11.0,10250.0,1629.75,0,,True,,False,,,,
Coalinga,040192551801,Unspecified,0-L,Chevron U.S.A. Inc.,Active,0,2019-03-31,2019-03-31,1,7.0,5933.0,943.35,0,122.0,False,,False,,,,
Coalinga,040192551801,Unspecified,0-L,Chevron U.S.A. Inc.,Active,1,2019-07-31,2019-07-31,1,7.0,6454.0,1026.19,0,122.0,False,,False,,,,
Coalinga,040192551801,Unspecified,0-L,Chevron U.S.A. Inc.,Active,2,2019-11-30,2019-11-30,1,7.0,6383.0,1014.9,0,91.0,False,,False,,,,
Coalinga,040192551801,Unspecified,0-L,Chevron U.S.A. Inc.,Active,3,2020-02-29,2020-03-31,2,7.0,6104.0,970.54,0,,True,,False,,,,
Coalinga,040192551901,Unspecified,0-M,Chevron U.S.A. Inc.,Active,0,2019-03-31,2019-04-30,2,7.0,5701.0,906.46,0,214.0,False,,False,,,,
Coalinga,040192551901,Unspecified,0-M,Chevron U.S.A. Inc.,Active,1,2019-11-30,2019-11-30,1,7.0,6383.0,1014.9,0,,True,,False,,,,
Coalinga,040192552200,,2-18A,Aera Energy LLC,Active,0,2021-04-30,2021-05-31,2,24.0,10715.0,1703.68,0,,True,,False,,,,
Coalinga,040192552600,,6-14A,Aera Energy LLC,Active,0,2021-09-30,2021-09-30,1,19.0,15584.0,2477.86,0,,True,,False,,,,
Coalinga,040192553100,Unspecified,5-N,Chevron U.S.A. Inc.,Idle,0,2019-06-30,2019-06-30,1,2.0,1054.0,167.59,0,,True,,False,,,,
Coalinga,040192554000,Penn-Zier,3-HB,Aera Energy LLC,Active,0,2021-03-31,2021-03-31,1,5.0,2354.0,374.29,0,,True,,False,,,,
Coalinga,040192554100,Penn-Zier,5-HC,Aera Energy LLC,Active,0,2021-04-30,2021-04-30,1,8.0,3768.0,599.11,0,,True,,False,,,,
Coalinga,040192554600,Unspecified,4-MR,Chevron U.S.A. Inc.,Active,0,2018-09-30,2018-09-30,1,2.0,1056.0,167.9,0,701.0,False,,False,,,,
Coalinga,040192554600,Unspecified,4-MR,Chevron U.S.A. Inc.,Active,1,2020-08-31,2020-08-31,1,2.0,1031.0,163.93,0,,True,,False,,,,
Coalinga,040192554800,Claremont,2-4D2,Chevron U.S.A. Inc.,Plugged,0,2019-05-31,2019-05-31,1,2.0,1101.0,175.06,0,245.0,False,,False,,,,
Coalinga,040192554800,Claremont,2-4D2,Chevron U.S.A. Inc.,Plugged,1,2020-01-31,2020-01-31,1,2.0,1093.0,173.79,0,,True,,False,,,,
Coalinga,040192554900,Claremont,4-F2,Chevron U.S.A. Inc.,Active,0,2019-10-31,2019-10-31,1,2.0,1031.0,163.93,0,,True,,False,,,,
Coalinga,040192556600,Inca,5-D2,Chevron U.S.A. Inc.,Active,0,2018-09-30,2018-09-30,1,4.0,3649.0,580.19,0,,True,,False,,,,
Coalinga,040192556700,Unspecified,2-H2,Chevron U.S.A. Inc.,Active,0,2019-03-31,2019-03-31,1,2.0,1117.0,177.6,0,,True,,False,,,,
Coalinga,040192558000,,5-13A,Aera Energy LLC,Active,0,2021-10-31,2021-10-31,1,16.0,11600.0,1844.4,0,,True,,False,,,,
Coalinga,040192558100,,5-15A,Aera Energy LLC,Active,0,2021-01-31,2021-02-28,2,13.0,10381.0,1650.58,0,,True,,False,,,,
Coalinga,040192558200,,6-18A,Aera Energy LLC,Active,0,2021-11-30,2021-11-30,1,12.0,6730.0,1070.07,0,,True,,False,,,,
Coalinga,040192558400,,7-12A,Aera Energy LLC,Active,0,2021-09-30,2021-09-30,1,11.0,6534.0,1038.91,0,,True,,False,,,,
Coalinga,040192558500,,7-13A,Aera Energy LLC,Active,0,2021-10-31,2021-10-31,1,13.0,8236.0,1309.52,0,,True,,False,,,,
Coalinga,040192558800,,8-13A,Aera Energy LLC,Active,0,2018-01-31,2021-06-30,2,24.0,12598.0,2003.08,0,,True,,False,,,,
Coalinga,040192558900,,9-13A,Aera Energy LLC,Active,0,2018-01-31,2018-01-31,1,14.0,6272.0,997.25,0,,True,,False,,,,
Coalinga,040192559200,Unspecified,HH-2JV,Chevron U.S.A. Inc.,Idle,0,2018-02-28,2018-02-28,1,9.0,947.0,150.57,0,396.0,False,,False,,,,
Coalinga,040192559200,Unspecified,HH-2JV,Chevron U.S.A. Inc.,Idle,1,2019-03-31,2019-03-31,1,11.0,10050.0,1597.95,0,214.0,False,,False,,,,
Coalinga,040192559200,Unspecified,HH-2JV,Chevron U.S.A. Inc.,Idle,2,2019-10-31,2019-12-31,3,23.0,21513.0,3420.57,0,,True,,False,,,,
Coalinga,040192559400,Unspecified,H5-4JV,Chevron U.S.A. Inc.,Active,0,2018-05-31,2018-05-31,1,11.0,9900.0,1574.1,0,761.0,False,,False,,,,
Coalinga,040192559400,Unspecified,H5-4JV,Chevron U.S.A. Inc.,Active,1,2020-06-30,2020-06-30,1,11.0,9985.0,1587.62,0,,True,,False,,,,
Coalinga,040192559500,Unspecified,H7-6JV,Chevron U.S.A. Inc.,Active,0,2018-09-30,2018-09-30,1,8.0,7018.0,1115.86,0,,True,,False,,,,
Coalinga,040192560100,Unspecified,2-H1,Chevron U.S.A. Inc.,Active,0,2019-11-30,2019-11-30,1,2.0,845.0,134.35,0,122.0,False,,False,,,,
Coalinga,040192560100,Unspecified,2-H1,Chevron U.S.A. Inc.,Active,1,2020-03-31,2020-03-31,1,6.0,5097.0,810.42,0,153.0,False,,False,,,,
Coalinga,040192560100,Unspecified,2-H1,Chevron U.S.A. Inc.,Active,2,2020-08-31,2020-08-31,1,2.0,1028.0,163.45,0,,True,,False,,,,
Coalinga,040192562401,Premier,1-A1,Chevron U.S.A. Inc.,Active,0,2019-08-31,2019-08-31,1,2.0,898.0,142.78,0,182.0,False,,False,,,,
Coalinga,040192562401,Premier,1-A1,Chevron U.S.A. Inc.,Active,1,2020-02-29,2020-02-29,1,2.0,1162.0,184.76,0,153.0,False,,False,,,,
Coalinga,040192562401,Premier,1-A1,Chevron U.S.A. Inc.,Active,2,2020-07-31,2020-07-31,1,2.0,965.0,153.44,0,184.0,False,,False,,,,
Coalinga,040192562401,Premier,1-A1,Chevron U.S.A. Inc.,Active,3,2021-01-31,2021-02-28,2,4.0,2829.0,449.81,0,,True,,False,,,,
Coalinga,040192562700,Premier,4-B1,Chevron U.S.A. Inc.,Active,0,2019-06-30,2019-06-30,1,6.0,5445.0,865.75,0,,True,,False,,,,
Coalinga,040192562900,Unspecified,0-G,Chevron U.S.A. Inc.,Active,0,2019-04-30,2019-06-30,3,12.0,10023.0,1593.66,0,123.0,False,,False,,,,
Coalinga,040192562900,Unspecified,0-G,Chevron U.S.A. Inc.,Active,1,2019-10-31,2019-10-31,1,6.0,4911.0,780.85,0,61.0,False,,False,,,,
Coalinga,040192562900,Unspecified,0-G,Chevron U.S.A. Inc.,Active,2,2019-12-31,2019-12-31,1,6.0,4965.0,789.44,0,91.0,False,,False,,,,
Coalinga,040192562900,Unspecified,0-G,Chevron U.S.A. Inc.,Active,3,2020-03-31,2020-05-31,3,14.0,12299.0,1955.54,0,,True,,False,,,,
Coalinga,040192563000,Unspecified,0-H,Chevron U.S.A. Inc.,Active,0,2019-03-31,2019-03-31,1,2.0,1043.0,165.84,0,366.0,False,,False,,,,
Coalinga,040192563000,Unspecified,0-H,Chevron U.S.A. Inc.,Active,1,2020-03-31,2020-04-30,2,12.0,10251.0,1629.91,0,,True,,False,,,,
Coalinga,040192563100,Unspecified,0-I,Chevron U.S.A. Inc.,Active,0,2019-02-28,2019-02-28,1,8.0,6813.0,1083.27,0,122.0,False,,False,,,,
Coalinga,040192563100,Unspecified,0-I,Chevron U.S.A. Inc.,Active,1,2019-06-30,2019-06-30,1,2.0,1091.0,173.47,0,275.0,False,,False,,,,
Coalinga,040192563100,Unspecified,0-I,Chevron U.S.A. Inc.,Active,2,2020-03-31,2020-04-30,2,12.0,10255.0,1630.55,0,,True,,False,,,,
Coalinga,040192563300,Unspecified,1-G,Chevron U.S.A. Inc.,Active,0,2019-02-28,2019-03-31,2,7.0,6108.0,971.17,0,335.0,False,,False,,,,
Coalinga,040192563300,Unspecified,1-G,Chevron U.S.A. Inc.,Active,1,2020-02-29,2020-04-30,3,13.0,11402.0,1812.92,0,,True,,False,,,,
Coalinga,040192563400,Unspecified,1-H,Chevron U.S.A. Inc.,Active,0,2019-10-31,2019-10-31,1,2.0,1010.0,160.59,0,121.0,False,,False,,,,
Coalinga,040192563400,Unspecified,1-H,Chevron U.S.A. Inc.,Active,1,2020-02-29,2020-02-29,1,6.0,5112.0,812.81,0,61.0,False,,False,,,,
Coalinga,040192563400,Unspecified,1-H,Chevron U.S.A. Inc.,Active,2,2020-04-30,2020-04-30,1,6.0,5249.0,834.59,0,,True,,False,,,,
Coalinga,040192563500,Unspecified,1-I,Chevron U.S.A. Inc.,Active,0,2018-03-31,2018-03-31,1,2.0,66.0,10.49,0,334.0,False,,False,,,,
Coalinga,040192563500,Unspecified,1-I,Chevron U.S.A. Inc.,Active,1,2019-02-28,2019-03-31,2,8.0,6878.0,1093.6,0,488.0,False,,False,,,,
Coalinga,040192563500,Unspecified,1-I,Chevron U.S.A. Inc.,Active,2,2020-07-31,2020-07-31,1,7.0,6113.0,971.97,0,,True,,False,,,,
Coalinga,040192564600,Unspecified,HK-4JV,Chevron U.S.A. Inc.,Active,0,2018-03-31,2018-03-31,1,2.0,66.0,10.49,0,334.0,False,,False,,,,
Coalinga,040192564600,Unspecified,HK-4JV,Chevron U.S.A. Inc.,Active,1,2019-02-28,2019-03-31,2,11.0,10079.0,1602.56,0,244.0,False,,False,,,,
Coalinga,040192564600,Unspecified,HK-4JV,Chevron U.S.A. Inc.,Active,2,2019-11-30,2019-11-30,1,11.0,10337.0,1643.58,0,122.0,False,,False,,,,
Coalinga,040192564600,Unspecified,HK-4JV,Chevron U.S.A. Inc.,Active,3,2020-03-31,2020-03-31,1,11.0,10358.0,1646.92,0,,True,,False,,,,
Coalinga,040192564700,Premier,H6-BJV,Chevron U.S.A. Inc.,Active,0,2019-08-31,2019-08-31,1,6.0,5111.0,812.65,0,91.0,False,,False,,,,
Coalinga,040192564700,Premier,H6-BJV,Chevron U.S.A. Inc.,Active,1,2019-11-30,2019-11-30,1,6.0,5018.0,797.86,0,152.0,False,,False,,,,
Coalinga,040192564700,Premier,H6-BJV,Chevron U.S.A. Inc.,Active,2,2020-04-30,2020-04-30,1,5.0,4626.0,735.53,0,,True,,False,,,,
Coalinga,040192564800,Unspecified,24H5-2JV,Chevron U.S.A. Inc.,Active,0,2019-11-30,2019-11-30,1,9.0,8553.0,1359.93,0,,True,,False,,,,
Coalinga,040192569900,Unspecified,2-G2,Chevron U.S.A. Inc.,Active,0,2019-04-30,2019-04-30,1,6.0,4401.0,699.76,0,61.0,False,,False,,,,
Coalinga,040192569900,Unspecified,2-G2,Chevron U.S.A. Inc.,Active,1,2019-06-30,2019-06-30,1,6.0,5564.0,884.68,0,215.0,False,,False,,,,
Coalinga,040192569900,Unspecified,2-G2,Chevron U.S.A. Inc.,Active,2,2020-01-31,2020-01-31,1,2.0,1191.0,189.37,0,60.0,False,,False,,,,
Coalinga,040192569900,Unspecified,2-G2,Chevron U.S.A. Inc.,Active,3,2020-03-31,2020-04-30,2,12.0,10392.0,1652.33,0,,True,,False,,,,
Coalinga,040192570000,Unspecified,2-F2,Chevron U.S.A. Inc.,Active,0,2019-04-30,2019-04-30,1,6.0,4544.0,722.5,0,276.0,False,,False,,,,
Coalinga,040192570000,Unspecified,2-F2,Chevron U.S.A. Inc.,Active,1,2020-01-31,2020-01-31,1,2.0,1089.0,173.15,0,60.0,False,,False,,,,
Coalinga,040192570000,Unspecified,2-F2,Chevron U.S.A. Inc.,Active,2,2020-03-31,2020-04-30,2,6.0,5513.0,876.57,0,214.0,False,,False,,,,
Coalinga,040192570000,Unspecified,2-F2,Chevron U.S.A. Inc.,Active,3,2020-11-30,2020-11-30,1,7.0,5740.0,912.66,0,,True,,False,,,,
Coalinga,040192570300,Unspecified,6-N,Chevron U.S.A. Inc.,Active,0,2018-02-28,2018-02-28,1,1.0,46.0,7.31,0,,True,,False,,,,
Coalinga,040192570301,Unspecified,6-N,Chevron U.S.A. Inc.,Active,0,2018-03-31,2018-03-31,1,7.0,450.0,71.55,0,244.0,False,,False,,,,
Coalinga,040192570301,Unspecified,6-N,Chevron U.S.A. Inc.,Active,1,2018-11-30,2018-11-30,1,2.0,905.0,143.9,0,62.0,False,,False,,,,
Coalinga,040192570301,Unspecified,6-N,Chevron U.S.A. Inc.,Active,2,2019-01-31,2019-01-31,1,2.0,1045.0,166.16,0,,True,,False,,,,
Coalinga,040192570700,Premier,1-C2,Chevron U.S.A. Inc.,Active,0,2019-10-31,2019-10-31,1,6.0,4774.0,759.07,0,,True,,False,,,,
Coalinga,040192572200,Premier,4-D2,Chevron U.S.A. Inc.,Active,0,2018-03-31,2018-03-31,1,2.0,70.0,11.13,0,,True,,False,,,,
Coalinga,040192572400,Premier,6-C2,Chevron U.S.A. Inc.,Active,0,2019-09-30,2019-09-30,1,2.0,1035.0,164.56,0,,True,,False,,,,
Coalinga,040192572500,Premier,7-A,Chevron U.S.A. Inc.,Active,0,2018-09-30,2018-09-30,1,7.0,5973.0,949.71,0,,True,,False,,,,
Coalinga,040192572600,Premier,7-B,Chevron U.S.A. Inc.,Active,0,2019-12-31,2019-12-31,1,2.0,847.0,134.67,0,121.0,False,,False,,,,
Coalinga,040192572600,Premier,7-B,Chevron U.S.A. Inc.,Active,1,2020-04-30,2020-04-30,1,5.0,3906.0,621.05,0,,True,,False,,,,
Coalinga,040192573900,Esperanza,4-10R,Chevron U.S.A. Inc.,Active,0,2018-03-31,2018-03-31,1,2.0,1021.0,162.34,0,,True,,False,,,,
Coalinga,040192574400,Esperanza,5-10A,Chevron U.S.A. Inc.,Active,0,2019-03-31,2019-03-31,1,6.0,5108.0,812.17,0,,True,,False,,,,
Coalinga,040192574700,Esperanza,5-13R,Chevron U.S.A. Inc.,Active,0,2019-02-28,2019-02-28,1,8.0,7120.0,1132.08,0,122.0,False,,False,,,,
Coalinga,040192574700,Esperanza,5-13R,Chevron U.S.A. Inc.,Active,1,2019-06-30,2019-06-30,1,6.0,6664.0,1059.58,0,336.0,False,,False,,,,
Coalinga,040192574700,Esperanza,5-13R,Chevron U.S.A. Inc.,Active,2,2020-05-31,2020-05-31,1,2.0,1008.0,160.27,0,,True,,False,,,,
Coalinga,040192574900,Esperanza,5-15AR,Chevron U.S.A. Inc.,Active,0,2019-02-28,2019-02-28,1,2.0,868.0,138.01,0,275.0,False,,False,,,,
Coalinga,040192574900,Esperanza,5-15AR,Chevron U.S.A. Inc.,Active,1,2019-11-30,2019-11-30,1,2.0,899.0,142.94,0,152.0,False,,False,,,,
Coalinga,040192574900,Esperanza,5-15AR,Chevron U.S.A. Inc.,Active,2,2020-04-30,2020-04-30,1,2.0,1169.0,185.87,0,,True,,False,,,,
Coalinga,040192575100,Esperanza,7-10A,Chevron U.S.A. Inc.,Active,0,2019-02-28,2019-03-31,2,7.0,6055.0,962.75,0,335.0,False,,False,,,,
Coalinga,040192575100,Esperanza,7-10A,Chevron U.S.A. Inc.,Active,1,2020-02-29,2020-03-31,2,7.0,5597.0,889.92,0,91.0,False,,False,,,,
Coalinga,040192575100,Esperanza,7-10A,Chevron U.S.A. Inc.,Active,2,2020-06-30,2020-06-30,1,8.0,6663.0,1059.42,0,123.0,False,,False,,,,
Coalinga,040192575100,Esperanza,7-10A,Chevron U.S.A. Inc.,Active,3,2020-10-31,2020-10-31,1,7.0,6046.0,961.31,0,61.0,False,,False,,,,
Coalinga,040192575100,Esperanza,7-10A,Chevron U.S.A. Inc.,Active,4,2020-12-31,2021-01-31,2,9.0,7844.0,1247.2,0,,True,,False,,,,
Coalinga,040192575800,Unspecified,1-H1,Chevron U.S.A. Inc.,Active,0,2020-03-31,2020-03-31,1,6.0,4919.0,782.12,0,334.0,False,,False,,,,
Coalinga,040192575800,Unspecified,1-H1,Chevron U.S.A. Inc.,Active,1,2021-02-28,2021-02-28,1,2.0,1055.0,167.75,0,,True,,False,,,,
Coalinga,040192575900,Unspecified,1-H2,Chevron U.S.A. Inc.,Active,0,2019-02-28,2019-02-28,1,8.0,6888.0,1095.19,0,427.0,False,,False,,,,
Coalinga,040192575900,Unspecified,1-H2,Chevron U.S.A. Inc.,Active,1,2020-04-30,2020-04-30,1,6.0,5170.0,822.03,0,92.0,False,,False,,,,
Coalinga,040192575900,Unspecified,1-H2,Chevron U.S.A. Inc.,Active,2,2020-07-31,2020-07-31,1,7.0,5909.0,939.53,0,153.0,False,,False,,,,
Coalinga,040192575900,Unspecified,1-H2,Chevron U.S.A. Inc.,Active,3,2020-12-31,2020-12-31,1,2.0,993.0,157.89,0,,True,,False,,,,
Coalinga,040192576000,Unspecified,1-I1,Chevron U.S.A. Inc.,Active,0,2019-12-31,2019-12-31,1,2.0,1030.0,163.77,0,91.0,False,,False,,,,
Coalinga,040192576000,Unspecified,1-I1,Chevron U.S.A. Inc.,Active,1,2020-03-31,2020-03-31,1,6.0,4906.0,780.05,0,61.0,False,,False,,,,
Coalinga,040192576000,Unspecified,1-I1,Chevron U.S.A. Inc.,Active,2,2020-05-31,2020-05-31,1,6.0,5049.0,802.79,0,61.0,False,,False,,,,
Coalinga,040192576000,Unspecified,1-I1,Chevron U.S.A. Inc.,Active,3,2020-07-31,2020-07-31,1,7.0,5913.0,940.17,0,,True,,False,,,,
Coalinga,040192576100,Unspecified,1-I2,Chevron U.S.A. Inc.,Active,0,2019-02-28,2019-02-28,1,7.0,6322.0,1005.2,0,427.0,False,,False,,,,
Coalinga,040192576100,Unspecified,1-I2,Chevron U.S.A. Inc.,Active,1,2020-04-30,2020-04-30,1,6.0,5371.0,853.99,0,,True,,False,,,,
Coalinga,040192577200,Premier,4-A1,Chevron U.S.A. Inc.,Idle,0,2018-02-28,2018-02-28,1,8.0,823.0,130.86,0,92.0,False,,False,,,,
Coalinga,040192577200,Premier,4-A1,Chevron U.S.A. Inc.,Idle,1,2018-05-31,2018-05-31,1,2.0,986.0,156.77,0,,True,,False,,,,
Coalinga,040192577300,Premier,4-A2,Chevron U.S.A. Inc.,Active,0,2019-02-28,2019-02-28,1,6.0,5083.0,808.2,0,184.0,False,,False,,,,
Coalinga,040192577300,Premier,4-A2,Chevron U.S.A. Inc.,Active,1,2019-08-31,2019-08-31,1,6.0,4987.0,792.93,0,,True,,False,,,,
Coalinga,040192577800,CMS,133B,Aera Energy LLC,Active,0,2021-03-31,2021-03-31,1,5.0,3004.0,477.64,0,,True,,False,,,,
Coalinga,040192578100,Aztec,900,Aera Energy LLC,Active,0,2018-01-31,2021-01-31,5,67.0,31891.0,5070.67,0,,True,,False,,,,
Coalinga,040192578500,Aztec,915,Aera Energy LLC,Active,0,2021-02-28,2021-02-28,1,7.0,4039.0,642.2,0,,True,,False,,,,
Coalinga,040192578900,Unspecified,6-L2,Chevron U.S.A. Inc.,Active,0,2018-05-31,2018-05-31,1,2.0,955.0,151.84,0,426.0,False,,False,,,,
Coalinga,040192578900,Unspecified,6-L2,Chevron U.S.A. Inc.,Active,1,2019-07-31,2019-08-31,2,2.0,1067.0,169.65,0,,True,,False,,,,
Coalinga,040192579100,Premier,2-B2,Chevron U.S.A. Inc.,Active,0,2020-10-31,2020-10-31,1,4.0,3092.0,491.63,0,,True,,False,,,,
Coalinga,040192579200,Premier,2-C1,Chevron U.S.A. Inc.,Idle,0,2018-09-30,2018-09-30,1,2.0,997.0,158.52,0,151.0,False,,False,,,,
Coalinga,040192579200,Premier,2-C1,Chevron U.S.A. Inc.,Idle,1,2019-02-28,2019-02-28,1,8.0,6910.0,1098.69,0,,True,,False,,,,
Coalinga,040192579300,Premier,H6-AJv,Chevron U.S.A. Inc.,Active,0,2020-10-31,2020-10-31,1,2.0,1005.0,159.8,0,,True,,False,,,,
Coalinga,040192579400,Premier,H6-CJv,Chevron U.S.A. Inc.,Active,0,2018-02-28,2018-02-28,1,13.0,1418.0,225.46,0,640.0,False,,False,,,,
Coalinga,040192579400,Premier,H6-CJv,Chevron U.S.A. Inc.,Active,1,2019-11-30,2019-11-30,1,9.0,8470.0,1346.73,0,,True,,False,,,,
Coalinga,040192579500,Premier,H6-DJv,Chevron U.S.A. Inc.,Active,0,2020-11-30,2020-11-30,1,7.0,5995.0,953.21,0,,True,,False,,,,
Coalinga,040192579600,Unspecified,24H7-1Jv,Chevron U.S.A. Inc.,Active,0,2018-05-31,2018-05-31,1,2.0,1142.0,181.58,0,976.0,False,,False,,,,
Coalinga,040192579600,Unspecified,24H7-1Jv,Chevron U.S.A. Inc.,Active,1,2021-01-31,2021-01-31,1,3.0,1947.0,309.57,0,,True,,False,,,,
Coalinga,040192579700,Unspecified,24H7-1AJv,Chevron U.S.A. Inc.,Active,0,2018-02-28,2018-02-28,1,8.0,823.0,130.86,0,792.0,False,,False,,,,
Coalinga,040192579700,Unspecified,24H7-1AJv,Chevron U.S.A. Inc.,Active,1,2020-04-30,2020-04-30,1,2.0,1013.0,161.07,0,153.0,False,,False,,,,
Coalinga,040192579700,Unspecified,24H7-1AJv,Chevron U.S.A. Inc.,Active,2,2020-09-30,2020-10-31,2,11.0,10007.0,1591.11,0,,True,,False,,,,
Coalinga,040192580000,Premier,2-B1,Chevron U.S.A. Inc.,Active,0,2018-01-31,2018-01-31,1,2.0,101.0,16.06,0,,True,,False,,,,
Coalinga,040192580200,Unspecified,2-L2,Chevron U.S.A. Inc.,Active,0,2020-05-31,2020-06-30,2,2.0,1011.0,160.75,0,184.0,False,,False,,,,
Coalinga,040192580200,Unspecified,2-L2,Chevron U.S.A. Inc.,Active,1,2020-12-31,2020-12-31,1,2.0,942.0,149.78,0,,True,,False,,,,
Coalinga,040192580401,Unspecified,2-KR,Chevron U.S.A. Inc.,Active,0,2019-04-30,2019-04-30,1,30.0,11483.0,1825.8,0,61.0,False,,False,,,,
Coalinga,040192580401,Unspecified,2-KR,Chevron U.S.A. Inc.,Active,1,2019-06-30,2019-06-30,1,2.0,1151.0,183.01,0,62.0,False,,False,,,,
Coalinga,040192580401,Unspecified,2-KR,Chevron U.S.A. Inc.,Active,2,2019-08-31,2019-08-31,1,7.0,6446.0,1024.91,0,153.0,False,,False,,,,
Coalinga,040192580401,Unspecified,2-KR,Chevron U.S.A. Inc.,Active,3,2020-01-31,2020-01-31,1,7.0,6734.0,1070.71,0,,True,,False,,,,
Coalinga,040192580501,Unspecified,2-K2,Chevron U.S.A. Inc.,Active,0,2019-05-31,2019-05-31,1,2.0,1319.0,209.72,0,,True,,False,,,,
Coalinga,040192581600,,3-15A,Aera Energy LLC,Active,0,2021-03-31,2021-03-31,1,16.0,8857.0,1408.26,0,,True,,False,,,,
Coalinga,040192582800,,7-11A,Aera Energy LLC,Active,0,2021-04-30,2021-05-31,2,16.0,7796.0,1239.56,0,,True,,False,,,,
Coalinga,040192583800,Star,8-CR,Chevron U.S.A. Inc.,Active,0,2020-08-31,2020-08-31,1,7.0,6238.0,991.84,0,,True,,False,,,,
Coalinga,040192585100,Unspecified,HM-4JV,Chevron U.S.A. Inc.,Active,0,2019-03-31,2019-03-31,1,11.0,10026.0,1594.13,0,183.0,False,,False,,,,
Coalinga,040192585100,Unspecified,HM-4JV,Chevron U.S.A. Inc.,Active,1,2019-09-30,2019-09-30,1,9.0,8226.0,1307.93,0,,True,,False,,,,
Coalinga,040192585200,Unspecified,H6-8G,Chevron U.S.A. Inc.,Active,0,2020-04-30,2020-04-30,1,11.0,10625.0,1689.38,0,,True,,False,,,,
Coalinga,040192585900,Star,H6-AE,Chevron U.S.A. Inc.,Idle,0,2018-03-31,2018-03-31,1,13.0,855.0,135.94,0,,True,,False,,,,
Coalinga,040192586000,Premier,5-A1,Chevron U.S.A. Inc.,Active,0,2019-04-30,2019-04-30,1,8.0,6217.0,988.5,0,,True,,False,,,,
Coalinga,040192586100,Premier,1-D1,Chevron U.S.A. Inc.,Active,0,2019-02-28,2019-02-28,1,7.0,6040.0,960.36,0,611.0,False,,False,,,,
Coalinga,040192586100,Premier,1-D1,Chevron U.S.A. Inc.,Active,1,2020-10-31,2020-10-31,1,4.0,2989.0,475.25,0,,True,,False,,,,
Coalinga,040192586300,Claremont,1-G2,Chevron U.S.A. Inc.,Active,0,2019-12-31,2019-12-31,1,2.0,1058.0,168.22,0,,True,,False,,,,
Coalinga,040192588600,Premier,HA-3Jv,Chevron U.S.A. Inc.,Active,0,2018-03-31,2018-03-31,1,13.0,848.0,134.83,0,395.0,False,,False,,,,
Coalinga,040192588600,Premier,HA-3Jv,Chevron U.S.A. Inc.,Active,1,2019-04-30,2019-05-31,2,11.0,10640.0,1691.76,0,153.0,False,,False,,,,
Coalinga,040192588600,Premier,HA-3Jv,Chevron U.S.A. Inc.,Active,2,2019-10-31,2019-10-31,1,6.0,4827.0,767.49,0,,True,,False,,,,
Coalinga,040192589100,Premier,7-D,Chevron U.S.A. Inc.,Active,0,2019-02-28,2019-02-28,1,2.0,985.0,156.62,0,122.0,False,,False,,,,
Coalinga,040192589100,Premier,7-D,Chevron U.S.A. Inc.,Active,1,2019-06-30,2019-06-30,1,2.0,1170.0,186.03,0,153.0,False,,False,,,,
Coalinga,040192589100,Premier,7-D,Chevron U.S.A. Inc.,Active,2,2019-11-30,2019-11-30,1,2.0,924.0,146.92,0,,True,,False,,,,
Coalinga,040192589200,Premier,4-G,Chevron U.S.A. Inc.,Active,0,2019-09-30,2019-09-30,1,2.0,1042.0,165.68,0,213.0,False,,False,,,,
Coalinga,040192589200,Premier,4-G,Chevron U.S.A. Inc.,Active,1,2020-04-30,2020-04-30,1,9.0,7985.0,1269.62,0,,True,,False,,,,
Coalinga,040192589401,Premier,3-HR,Chevron U.S.A. Inc.,Active,0,2019-05-31,2019-05-31,1,2.0,1067.0,169.65,0,122.0,False,,False,,,,
Coalinga,040192589401,Premier,3-HR,Chevron U.S.A. Inc.,Active,1,2019-09-30,2019-09-30,1,2.0,1042.0,165.68,0,123.0,False,,False,,,,
Coalinga,040192589401,Premier,3-HR,Chevron U.S.A. Inc.,Active,2,2020-01-31,2020-01-31,1,2.0,1108.0,176.17,0,151.0,False,,False,,,,
Coalinga,040192589401,Premier,3-HR,Chevron U.S.A. Inc.,Active,3,2020-06-30,2020-06-30,1,2.0,1122.0,178.4,0,,True,,False,,,,
Coalinga,040192589500,Premier,225R,Chevron U.S.A. Inc.,Plugged,0,2018-01-31,2018-01-31,1,2.0,106.0,16.85,0,,True,,False,,,,
Coalinga,040192589600,Premier,1-HR,Chevron U.S.A. Inc.,Active,0,2018-01-31,2018-01-31,1,2.0,114.0,18.13,0,,True,,False,,,,
Coalinga,040192589700,Premier,2-HR,Chevron U.S.A. Inc.,Active,0,2018-02-28,2018-02-28,1,8.0,823.0,130.86,0,153.0,False,,False,,,,
Coalinga,040192589700,Premier,2-HR,Chevron U.S.A. Inc.,Active,1,2018-07-31,2018-07-31,1,2.0,913.0,145.17,0,,True,,False,,,,
Coalinga,040192590100,Claremont,2-G2,Chevron U.S.A. Inc.,Active,0,2020-12-31,2020-12-31,1,4.0,3366.0,535.19,0,,True,,False,,,,
Coalinga,040192590900,Premier,24DCH3-BJv,Chevron U.S.A. Inc.,Active,0,2018-09-30,2018-09-30,1,2.0,1004.0,159.64,0,335.0,False,,False,,,,
Coalinga,040192590900,Premier,24DCH3-BJv,Chevron U.S.A. Inc.,Active,1,2019-08-31,2019-09-30,2,9.0,8422.0,1339.1,0,,True,,False,,,,
Coalinga,040192591200,Unspecified,24H7-2J,Chevron U.S.A. Inc.,Active,0,2019-02-28,2019-02-28,1,1.0,483.0,76.8,0,337.0,False,,False,,,,
Coalinga,040192591200,Unspecified,24H7-2J,Chevron U.S.A. Inc.,Active,1,2020-01-31,2020-01-31,1,4.0,3180.0,505.62,0,,True,,False,,,,
Coalinga,040192591900,Aztec,724A,Aera Energy LLC,Active,0,2021-02-28,2021-02-28,1,9.0,5298.0,842.38,0,,True,,False,,,,
Coalinga,040192592400,Aztec,733,Aera Energy LLC,Active,0,2018-01-31,2018-01-31,1,6.0,3369.0,535.67,0,,True,,False,,,,
Coalinga,040192594500,Premier,1-E2A,Chevron U.S.A. Inc.,Active,0,2019-12-31,2019-12-31,1,2.0,958.0,152.32,0,,True,,False,,,,
Coalinga,040192594600,Premier,3-D2,Chevron U.S.A. Inc.,Active,0,2019-08-31,2019-08-31,1,2.0,1060.0,168.54,0,,True,,False,,,,
Coalinga,040192594700,Premier,24DIH3-AH,Chevron U.S.A. Inc.,Active,0,2019-05-31,2019-05-31,1,8.0,7198.0,1144.48,0,458.0,False,,False,,,,
Coalinga,040192594700,Premier,24DIH3-AH,Chevron U.S.A. Inc.,Active,1,2020-08-31,2020-08-31,1,7.0,6254.0,994.39,0,,True,,False,,,,
Coalinga,040192594800,Premier,2-D2A,Chevron U.S.A. Inc.,Active,0,2018-03-31,2018-03-31,1,2.0,70.0,11.13,0,945.0,False,,False,,,,
Coalinga,040192594800,Premier,2-D2A,Chevron U.S.A. Inc.,Active,1,2020-10-31,2020-10-31,1,7.0,6060.0,963.54,0,,True,,False,,,,
Coalinga,040192594900,Premier,2-D1,Chevron U.S.A. Inc.,Active,0,2020-01-31,2020-01-31,1,2.0,1153.0,183.33,0,366.0,False,,False,,,,
Coalinga,040192594900,Premier,2-D1,Chevron U.S.A. Inc.,Active,1,2021-01-31,2021-02-28,2,4.0,2951.0,469.21,0,,True,,False,,,,
Coalinga,040192595000,Unspecified,IH1-H1LH,Chevron U.S.A. Inc.,Active,0,2019-05-31,2019-06-30,2,7.0,6313.0,1003.77,0,,True,,False,,,,
Coalinga,040192595200,Premier,24DCHPE-3G,Chevron U.S.A. Inc.,Active,0,2020-11-30,2020-11-30,1,4.0,3227.0,513.09,0,,True,,False,,,,
Coalinga,040192596200,Premier,5-B2,Chevron U.S.A. Inc.,Active,0,2019-06-30,2019-06-30,1,2.0,1125.0,178.88,0,215.0,False,,False,,,,
Coalinga,040192596200,Premier,5-B2,Chevron U.S.A. Inc.,Active,1,2020-01-31,2020-01-31,1,2.0,1108.0,176.17,0,,True,,False,,,,
Coalinga,040192596400,Premier,4-B2,Chevron U.S.A. Inc.,Active,0,2019-03-31,2019-04-30,2,2.0,933.0,148.35,0,153.0,False,,False,,,,
Coalinga,040192596400,Premier,4-B2,Chevron U.S.A. Inc.,Active,1,2019-09-30,2019-09-30,1,2.0,997.0,158.52,0,152.0,False,,False,,,,
Coalinga,040192596400,Premier,4-B2,Chevron U.S.A. Inc.,Active,2,2020-02-29,2020-02-29,1,5.0,3892.0,618.83,0,337.0,False,,False,,,,
Coalinga,040192596400,Premier,4-B2,Chevron U.S.A. Inc.,Active,3,2021-01-31,2021-01-31,1,4.0,3071.0,488.29,0,,True,,False,,,,
Coalinga,040192596600,Star,7-B1,Chevron U.S.A. Inc.,Active,0,2020-02-29,2020-02-29,1,10.0,9251.0,1470.91,0,214.0,False,,False,,,,
Coalinga,040192596600,Star,7-B1,Chevron U.S.A. Inc.,Active,1,2020-09-30,2020-09-30,1,4.0,2975.0,473.03,0,,True,,False,,,,
Coalinga,040192596700,Star,6-8,Chevron U.S.A. Inc.,Active,0,2018-03-31,2018-03-31,1,2.0,74.0,11.77,0,945.0,False,,False,,,,
Coalinga,040192596700,Star,6-8,Chevron U.S.A. Inc.,Active,1,2020-10-31,2020-11-30,2,9.0,7049.0,1120.79,0,,True,,False,,,,
Coalinga,040192597000,Inca,2-F1,Chevron U.S.A. Inc.,Active,0,2019-11-30,2019-12-31,2,2.0,1095.0,174.1,0,,True,,False,,,,
Coalinga,040192597300,Unspecified,1-G2,Chevron U.S.A. Inc.,Active,0,2019-07-31,2019-07-31,1,6.0,5517.0,877.2,0,213.0,False,,False,,,,
Coalinga,040192597300,Unspecified,1-G2,Chevron U.S.A. Inc.,Active,1,2020-02-29,2020-02-29,1,8.0,7615.0,1210.79,0,,True,,False,,,,
Coalinga,040192597500,Unspecified,1-L1,Chevron U.S.A. Inc.,Active,0,2018-12-31,2018-12-31,1,2.0,1050.0,166.95,0,59.0,False,,False,,,,
Coalinga,040192597500,Unspecified,1-L1,Chevron U.S.A. Inc.,Active,1,2019-02-28,2019-02-28,1,8.0,7044.0,1120.0,0,366.0,False,,False,,,,
Coalinga,040192597500,Unspecified,1-L1,Chevron U.S.A. Inc.,Active,2,2020-02-29,2020-02-29,1,2.0,1066.0,169.49,0,92.0,False,,False,,,,
Coalinga,040192597500,Unspecified,1-L1,Chevron U.S.A. Inc.,Active,3,2020-05-31,2020-05-31,1,7.0,6165.0,980.24,0,92.0,False,,False,,,,
Coalinga,040192597500,Unspecified,1-L1,Chevron U.S.A. Inc.,Active,4,2020-08-31,2020-09-30,2,7.0,5957.0,947.16,0,123.0,False,,False,,,,
Coalinga,040192597500,Unspecified,1-L1,Chevron U.S.A. Inc.,Active,5,2021-01-31,2021-01-31,1,3.0,1996.0,317.36,0,,True,,False,,,,
Coalinga,040192597600,Unspecified,1-N1,Chevron U.S.A. Inc.,Active,0,2019-01-31,2019-01-31,1,2.0,1088.0,172.99,0,394.0,False,,False,,,,
Coalinga,040192597600,Unspecified,1-N1,Chevron U.S.A. Inc.,Active,1,2020-02-29,2020-02-29,1,2.0,1055.0,167.75,0,92.0,False,,False,,,,
Coalinga,040192597600,Unspecified,1-N1,Chevron U.S.A. Inc.,Active,2,2020-05-31,2020-05-31,1,7.0,6083.0,967.2,0,122.0,False,,False,,,,
Coalinga,040192597600,Unspecified,1-N1,Chevron U.S.A. Inc.,Active,3,2020-09-30,2020-09-30,1,7.0,6058.0,963.22,0,,True,,False,,,,
Coalinga,040192597700,Unspecified,2-K1,Chevron U.S.A. Inc.,Active,0,2020-11-30,2020-11-30,1,2.0,1004.0,159.64,0,,True,,False,,,,
Coalinga,040192597800,Unspecified,2-L1,Chevron U.S.A. Inc.,Active,0,2019-05-31,2019-05-31,1,2.0,1319.0,209.72,0,245.0,False,,False,,,,
Coalinga,040192597800,Unspecified,2-L1,Chevron U.S.A. Inc.,Active,1,2020-01-31,2020-01-31,1,2.0,1085.0,172.52,0,,True,,False,,,,
Coalinga,040192597900,Unspecified,2-M1,Chevron U.S.A. Inc.,Active,0,2018-09-30,2018-09-30,1,2.0,980.0,155.82,0,61.0,False,,False,,,,
Coalinga,040192597900,Unspecified,2-M1,Chevron U.S.A. Inc.,Active,1,2018-11-30,2018-12-31,2,4.0,2078.0,330.4,0,273.0,False,,False,,,,
Coalinga,040192597900,Unspecified,2-M1,Chevron U.S.A. Inc.,Active,2,2019-09-30,2019-09-30,1,2.0,1076.0,171.08,0,274.0,False,,False,,,,
Coalinga,040192597900,Unspecified,2-M1,Chevron U.S.A. Inc.,Active,3,2020-06-30,2020-06-30,1,3.0,1642.0,261.08,0,184.0,False,,False,,,,
Coalinga,040192597900,Unspecified,2-M1,Chevron U.S.A. Inc.,Active,4,2020-12-31,2020-12-31,1,8.0,6764.0,1075.48,0,,True,,False,,,,
Coalinga,040192598600,Unspecified,1-KR,Chevron U.S.A. Inc.,Active,0,2019-03-31,2019-03-31,1,7.0,5981.0,950.98,0,306.0,False,,False,,,,
Coalinga,040192598600,Unspecified,1-KR,Chevron U.S.A. Inc.,Active,1,2020-01-31,2020-01-31,1,2.0,1175.0,186.83,0,,True,,False,,,,
Coalinga,040192598700,Unspecified,4-M1,Chevron U.S.A. Inc.,Active,0,2018-05-31,2018-05-31,1,4.0,3462.0,550.46,0,245.0,False,,False,,,,
Coalinga,040192598700,Unspecified,4-M1,Chevron U.S.A. Inc.,Active,1,2019-01-31,2019-01-31,1,2.0,938.0,149.14,0,150.0,False,,False,,,,
Coalinga,040192598700,Unspecified,4-M1,Chevron U.S.A. Inc.,Active,2,2019-06-30,2019-06-30,1,2.0,1046.0,166.31,0,123.0,False,,False,,,,
Coalinga,040192598700,Unspecified,4-M1,Chevron U.S.A. Inc.,Active,3,2019-10-31,2019-10-31,1,2.0,1031.0,163.93,0,274.0,False,,False,,,,
Coalinga,040192598700,Unspecified,4-M1,Chevron U.S.A. Inc.,Active,4,2020-07-31,2020-07-31,1,7.0,6015.0,956.38,0,122.0,False,,False,,,,
Coalinga,040192598700,Unspecified,4-M1,Chevron U.S.A. Inc.,Active,5,2020-11-30,2020-11-30,1,7.0,6214.0,988.03,0,,True,,False,,,,
Coalinga,040192598900,Premier,6-C1,Chevron U.S.A. Inc.,Active,0,2019-06-30,2019-06-30,1,2.0,1042.0,165.68,0,,True,,False,,,,
Coalinga,040192599000,Premier,4-D1,Chevron U.S.A. Inc.,Active,0,2020-05-31,2020-05-31,1,2.0,941.0,149.62,0,,True,,False,,,,
Coalinga,040192599200,Premier,3-D1,Chevron U.S.A. Inc.,Active,0,2018-09-30,2018-09-30,1,2.0,1004.0,159.64,0,273.0,False,,False,,,,
Coalinga,040192599200,Premier,3-D1,Chevron U.S.A. Inc.,Active,1,2019-06-30,2019-06-30,1,2.0,1125.0,178.88,0,519.0,False,,False,,,,
Coalinga,040192599200,Premier,3-D1,Chevron U.S.A. Inc.,Active,2,2020-11-30,2020-11-30,1,4.0,3063.0,487.02,0,,True,,False,,,,
Coalinga,040192599300,Premier,7-C1,Chevron U.S.A. Inc.,Active,0,2018-09-30,2018-09-30,1,2.0,976.0,155.18,0,,True,,False,,,,
Coalinga,040192599500,Unspecified,5-M2,Chevron U.S.A. Inc.,Active,0,2018-06-30,2018-07-31,2,7.0,6007.0,955.11,0,,True,,False,,,,
Coalinga,040192600800,Unspecified,HK-2UH,Chevron U.S.A. Inc.,Active,0,2020-01-31,2020-01-31,1,2.0,1155.0,183.65,0,366.0,False,,False,,,,
Coalinga,040192600800,Unspecified,HK-2UH,Chevron U.S.A. Inc.,Active,1,2021-01-31,2021-01-31,1,7.0,5993.0,952.89,0,,True,,False,,,,
Coalinga,040192601800,Unspecified,8-M,Chevron U.S.A. Inc.,Active,0,2020-12-31,2020-12-31,1,2.0,1034.0,164.41,0,,True,,False,,,,
Coalinga,040192602600,Unspecified,2-1,Chevron U.S.A. Inc.,Active,0,2018-01-31,2018-01-31,1,10.0,1084.0,172.36,0,881.0,False,,False,,,,
Coalinga,040192602600,Unspecified,2-1,Chevron U.S.A. Inc.,Active,1,2020-06-30,2020-07-31,2,7.0,5893.0,936.99,0,61.0,False,,False,,,,
Coalinga,040192602600,Unspecified,2-1,Chevron U.S.A. Inc.,Active,2,2020-09-30,2020-09-30,1,7.0,6023.0,957.66,0,92.0,False,,False,,,,
Coalinga,040192602600,Unspecified,2-1,Chevron U.S.A. Inc.,Active,3,2020-12-31,2020-12-31,1,7.0,6185.0,983.41,0,,True,,False,,,,
Coalinga,040192603000,Unspecified,0-1,Chevron U.S.A. Inc.,Active,0,2018-01-31,2018-02-28,2,11.0,1257.0,199.86,0,122.0,False,,False,,,,
Coalinga,040192603000,Unspecified,0-1,Chevron U.S.A. Inc.,Active,1,2018-06-30,2018-07-31,2,16.0,13852.0,2202.47,0,122.0,False,,False,,,,
Coalinga,040192603000,Unspecified,0-1,Chevron U.S.A. Inc.,Active,2,2018-11-30,2018-11-30,1,8.0,6840.0,1087.56,0,62.0,False,,False,,,,
Coalinga,040192603000,Unspecified,0-1,Chevron U.S.A. Inc.,Active,3,2019-01-31,2019-01-31,1,8.0,7158.0,1138.12,0,59.0,False,,False,,,,
Coalinga,040192603000,Unspecified,0-1,Chevron U.S.A. Inc.,Active,4,2019-03-31,2019-03-31,1,9.0,8234.0,1309.21,0,183.0,False,,False,,,,
Coalinga,040192603000,Unspecified,0-1,Chevron U.S.A. Inc.,Active,5,2019-09-30,2019-10-31,2,7.0,6367.0,1012.35,0,121.0,False,,False,,,,
Coalinga,040192603000,Unspecified,0-1,Chevron U.S.A. Inc.,Active,6,2020-02-29,2020-02-29,1,8.0,7042.0,1119.68,0,92.0,False,,False,,,,
Coalinga,040192603000,Unspecified,0-1,Chevron U.S.A. Inc.,Active,7,2020-05-31,2020-05-31,1,7.0,5912.0,940.01,0,61.0,False,,False,,,,
Coalinga,040192603000,Unspecified,0-1,Chevron U.S.A. Inc.,Active,8,2020-07-31,2020-07-31,1,7.0,6067.0,964.65,0,61.0,False,,False,,,,
Coalinga,040192603000,Unspecified,0-1,Chevron U.S.A. Inc.,Active,9,2020-09-30,2020-09-30,1,7.0,6047.0,961.47,0,,True,,False,,,,
Coalinga,040192603100,Unspecified,1-2,Chevron U.S.A. Inc.,Active,0,2018-05-31,2018-05-31,1,5.0,4670.0,742.53,0,365.0,False,,False,,,,
Coalinga,040192603100,Unspecified,1-2,Chevron U.S.A. Inc.,Active,1,2019-05-31,2019-05-31,1,7.0,6576.0,1045.58,0,214.0,False,,False,,,,
Coalinga,040192603100,Unspecified,1-2,Chevron U.S.A. Inc.,Active,2,2019-12-31,2019-12-31,1,7.0,5990.0,952.41,0,121.0,False,,False,,,,
Coalinga,040192603100,Unspecified,1-2,Chevron U.S.A. Inc.,Active,3,2020-04-30,2020-04-30,1,3.0,2485.0,395.12,0,184.0,False,,False,,,,
Coalinga,040192603100,Unspecified,1-2,Chevron U.S.A. Inc.,Active,4,2020-10-31,2020-11-30,2,7.0,5914.0,940.33,0,,True,,False,,,,
Coalinga,040192603400,Unspecified,1-1,Chevron U.S.A. Inc.,Active,0,2020-02-29,2020-02-29,1,2.0,1066.0,169.49,0,153.0,False,,False,,,,
Coalinga,040192603400,Unspecified,1-1,Chevron U.S.A. Inc.,Active,1,2020-07-31,2020-07-31,1,4.0,3208.0,510.07,0,,True,,False,,,,
Coalinga,040192603700,Star,HA-7J,Chevron U.S.A. Inc.,Active,0,2020-07-31,2020-08-31,2,7.0,6103.0,970.38,0,91.0,False,,False,,,,
Coalinga,040192603700,Star,HA-7J,Chevron U.S.A. Inc.,Active,1,2020-11-30,2020-11-30,1,4.0,3009.0,478.43,0,,True,,False,,,,
Coalinga,040192605000,,S29-9-10A,Aera Energy LLC,Active,0,2021-07-31,2021-08-31,2,20.0,10508.0,1670.77,0,,True,,False,,,,
Coalinga,040192605500,Call,S32CL-2-2E,Aera Energy LLC,Active,0,2021-06-30,2021-07-31,2,10.0,5171.0,822.19,0,,True,,False,,,,
Coalinga,040192605700,Call,S32CL-4-5,Aera Energy LLC,Active,0,2018-05-31,2019-04-30,5,44.0,24984.0,3972.46,0,,True,,False,,,,
Coalinga,040192605800,Call,S32CL-4-5A,Aera Energy LLC,Active,0,2018-02-28,2019-03-31,4,43.0,28086.0,4465.67,0,,True,,False,,,,
Coalinga,040192606100,Call,S32CL-2-1C,Aera Energy LLC,Active,0,2019-03-31,2021-04-30,2,29.0,17071.0,2714.29,0,,True,,False,,,,
Coalinga,040192606200,Call,S32CL-1-1B,Aera Energy LLC,Active,0,2021-03-31,2021-04-30,2,21.0,11979.0,1904.66,0,,True,,False,,,,
Coalinga,040192608200,Unspecified,1-L2,Chevron U.S.A. Inc.,Active,0,2019-05-31,2019-05-31,1,9.0,8401.0,1335.76,0,274.0,False,,False,,,,
Coalinga,040192608200,Unspecified,1-L2,Chevron U.S.A. Inc.,Active,1,2020-02-29,2020-02-29,1,2.0,1090.0,173.31,0,,True,,False,,,,
Coalinga,040192608400,Unspecified,1-M3,Chevron U.S.A. Inc.,Active,0,2019-01-31,2019-01-31,1,2.0,1045.0,166.16,0,,True,,False,,,,
Coalinga,040192608800,Esperanza,4-12C,Chevron U.S.A. Inc.,Active,0,2019-02-28,2019-02-28,1,7.0,6073.0,965.61,0,184.0,False,,False,,,,
Coalinga,040192608800,Esperanza,4-12C,Chevron U.S.A. Inc.,Active,1,2019-08-31,2019-08-31,1,2.0,1017.0,161.7,0,457.0,False,,False,,,,
Coalinga,040192608800,Esperanza,4-12C,Chevron U.S.A. Inc.,Active,2,2020-11-30,2020-11-30,1,7.0,5948.0,945.73,0,,True,,False,,,,
Coalinga,040192609700,Premier,6-M1,Chevron U.S.A. Inc.,Active,0,2018-11-30,2018-11-30,1,2.0,777.0,123.54,0,62.0,False,,False,,,,
Coalinga,040192609700,Premier,6-M1,Chevron U.S.A. Inc.,Active,1,2019-01-31,2019-01-31,1,2.0,899.0,142.94,0,150.0,False,,False,,,,
Coalinga,040192609700,Premier,6-M1,Chevron U.S.A. Inc.,Active,2,2019-06-30,2019-06-30,1,2.0,1106.0,175.85,0,,True,,False,,,,
Coalinga,040192610000,Unspecified,0-JB,Chevron U.S.A. Inc.,Active,0,2019-01-31,2019-02-28,2,9.0,7148.0,1136.53,0,61.0,False,,False,,,,
Coalinga,040192610000,Unspecified,0-JB,Chevron U.S.A. Inc.,Active,1,2019-04-30,2019-04-30,1,11.0,8671.0,1378.69,0,61.0,False,,False,,,,
Coalinga,040192610000,Unspecified,0-JB,Chevron U.S.A. Inc.,Active,2,2019-06-30,2019-11-30,6,29.0,27047.0,4300.47,0,62.0,False,,False,,,,
Coalinga,040192610000,Unspecified,0-JB,Chevron U.S.A. Inc.,Active,3,2020-01-31,2020-01-31,1,7.0,6734.0,1070.71,0,90.0,False,,False,,,,
Coalinga,040192610000,Unspecified,0-JB,Chevron U.S.A. Inc.,Active,4,2020-04-30,2020-06-30,3,9.0,7270.0,1155.93,0,92.0,False,,False,,,,
Coalinga,040192610000,Unspecified,0-JB,Chevron U.S.A. Inc.,Active,5,2020-09-30,2020-09-30,1,9.0,7976.0,1268.18,0,92.0,False,,False,,,,
Coalinga,040192610000,Unspecified,0-JB,Chevron U.S.A. Inc.,Active,6,2020-12-31,2021-01-31,2,8.0,6544.0,1040.5,0,,True,,False,,,,
Coalinga,040192611400,Premier,6-C3,Chevron U.S.A. Inc.,Active,0,2020-09-30,2020-09-30,1,2.0,1027.0,163.29,0,,True,,False,,,,
Coalinga,040192611600,Premier,6-A1R,Chevron U.S.A. Inc.,Active,0,2018-11-30,2018-11-30,1,2.0,970.0,154.23,0,212.0,False,,False,,,,
Coalinga,040192611600,Premier,6-A1R,Chevron U.S.A. Inc.,Active,1,2019-06-30,2019-06-30,1,2.0,1099.0,174.74,0,,True,,False,,,,
Coalinga,040192612200,Unspecified,8-J,Chevron U.S.A. Inc.,Active,0,2019-01-31,2019-01-31,1,7.0,6090.0,968.31,0,59.0,False,,False,,,,
Coalinga,040192612200,Unspecified,8-J,Chevron U.S.A. Inc.,Active,1,2019-03-31,2019-07-31,5,28.0,26189.0,4164.05,0,61.0,False,,False,,,,
Coalinga,040192612200,Unspecified,8-J,Chevron U.S.A. Inc.,Active,2,2019-09-30,2019-09-30,1,11.0,10467.0,1664.25,0,152.0,False,,False,,,,
Coalinga,040192612200,Unspecified,8-J,Chevron U.S.A. Inc.,Active,3,2020-02-29,2020-04-30,2,8.0,6247.0,993.27,0,61.0,False,,False,,,,
Coalinga,040192612200,Unspecified,8-J,Chevron U.S.A. Inc.,Active,4,2020-06-30,2020-06-30,1,7.0,5987.0,951.93,0,62.0,False,,False,,,,
Coalinga,040192612200,Unspecified,8-J,Chevron U.S.A. Inc.,Active,5,2020-08-31,2020-09-30,2,7.0,5972.0,949.55,0,123.0,False,,False,,,,
Coalinga,040192612200,Unspecified,8-J,Chevron U.S.A. Inc.,Active,6,2021-01-31,2021-01-31,1,7.0,6261.0,995.5,0,,True,,False,,,,
Coalinga,040192613000,Premier,7-C2,Chevron U.S.A. Inc.,Active,0,2019-06-30,2019-07-31,2,2.0,964.0,153.28,0,519.0,False,,False,,,,
Coalinga,040192613000,Premier,7-C2,Chevron U.S.A. Inc.,Active,1,2020-12-31,2020-12-31,1,2.0,981.0,155.98,0,,True,,False,,,,
Coalinga,040192613300,Star,C- 7R,Chevron U.S.A. Inc.,Active,0,2020-12-31,2021-01-31,2,4.0,2982.0,474.14,0,,True,,False,,,,
Coalinga,040192614100,Unspecified,8-L,Chevron U.S.A. Inc.,Active,0,2020-09-30,2020-10-31,2,2.0,933.0,148.35,0,,True,,False,,,,
Coalinga,040192617000,Star,3-6A,Chevron U.S.A. Inc.,Active,0,2020-08-31,2020-08-31,1,7.0,6142.0,976.58,0,,True,,False,,,,
Coalinga,040192617100,Unspecified,1-G3,Chevron U.S.A. Inc.,Active,0,2019-07-31,2019-07-31,1,7.0,6526.0,1037.63,0,61.0,False,,False,,,,
Coalinga,040192617100,Unspecified,1-G3,Chevron U.S.A. Inc.,Active,1,2019-09-30,2019-09-30,1,11.0,10494.0,1668.55,0,458.0,False,,False,,,,
Coalinga,040192617100,Unspecified,1-G3,Chevron U.S.A. Inc.,Active,2,2020-12-31,2020-12-31,1,2.0,1086.0,172.67,0,,True,,False,,,,
Coalinga,040192617200,Unspecified,5-GR,Chevron U.S.A. Inc.,Active,0,2019-07-31,2019-07-31,1,7.0,6617.0,1052.1,0,92.0,False,,False,,,,
Coalinga,040192617200,Unspecified,5-GR,Chevron U.S.A. Inc.,Active,1,2019-10-31,2019-10-31,1,7.0,6200.0,985.8,0,,True,,False,,,,
Coalinga,040192617300,Unspecified,1-F3,Chevron U.S.A. Inc.,Active,0,2019-07-31,2019-07-31,1,7.0,6526.0,1037.63,0,61.0,False,,False,,,,
Coalinga,040192617300,Unspecified,1-F3,Chevron U.S.A. Inc.,Active,1,2019-09-30,2019-09-30,1,11.0,10494.0,1668.55,0,397.0,False,,False,,,,
Coalinga,040192617300,Unspecified,1-F3,Chevron U.S.A. Inc.,Active,2,2020-10-31,2020-10-31,1,7.0,6125.0,973.88,0,,True,,False,,,,
Coalinga,040192617400,Unspecified,0-L1,Chevron U.S.A. Inc.,Active,0,2019-07-31,2019-07-31,1,2.0,1095.0,174.1,0,92.0,False,,False,,,,
Coalinga,040192617400,Unspecified,0-L1,Chevron U.S.A. Inc.,Active,1,2019-10-31,2019-10-31,1,8.0,6782.0,1078.34,0,92.0,False,,False,,,,
Coalinga,040192617400,Unspecified,0-L1,Chevron U.S.A. Inc.,Active,2,2020-01-31,2020-01-31,1,6.0,5153.0,819.33,0,,True,,False,,,,
Coalinga,040192617600,Premier,2-E1,Chevron U.S.A. Inc.,Active,0,2019-08-31,2019-08-31,1,2.0,985.0,156.62,0,91.0,False,,False,,,,
Coalinga,040192617600,Premier,2-E1,Chevron U.S.A. Inc.,Active,1,2019-11-30,2019-11-30,1,2.0,1127.0,179.19,0,244.0,False,,False,,,,
Coalinga,040192617600,Premier,2-E1,Chevron U.S.A. Inc.,Active,2,2020-07-31,2020-08-31,2,2.0,1159.0,184.28,0,91.0,False,,False,,,,
Coalinga,040192617600,Premier,2-E1,Chevron U.S.A. Inc.,Active,3,2020-11-30,2020-11-30,1,5.0,4158.0,661.12,0,,True,,False,,,,
Coalinga,040192617700,Premier,3-B3,Chevron U.S.A. Inc.,Active,0,2019-12-31,2019-12-31,1,2.0,1073.0,170.61,0,213.0,False,,False,,,,
Coalinga,040192617700,Premier,3-B3,Chevron U.S.A. Inc.,Active,1,2020-07-31,2020-07-31,1,2.0,909.0,144.53,0,92.0,False,,False,,,,
Coalinga,040192617700,Premier,3-B3,Chevron U.S.A. Inc.,Active,2,2020-10-31,2020-10-31,1,2.0,1026.0,163.13,0,,True,,False,,,,
Coalinga,040192617800,Premier,2-E2,Chevron U.S.A. Inc.,Active,0,2019-08-31,2019-08-31,1,2.0,1057.0,168.06,0,91.0,False,,False,,,,
Coalinga,040192617800,Premier,2-E2,Chevron U.S.A. Inc.,Active,1,2019-11-30,2019-11-30,1,2.0,1126.0,179.03,0,275.0,False,,False,,,,
Coalinga,040192617800,Premier,2-E2,Chevron U.S.A. Inc.,Active,2,2020-08-31,2020-08-31,1,2.0,1028.0,163.45,0,61.0,False,,False,,,,
Coalinga,040192617800,Premier,2-E2,Chevron U.S.A. Inc.,Active,3,2020-10-31,2020-10-31,1,4.0,3035.0,482.56,0,,True,,False,,,,
Coalinga,040192617900,Unspecified,5-1WR,Chevron U.S.A. Inc.,Active,0,2019-07-31,2019-08-31,2,9.0,7456.0,1185.5,0,182.0,False,,False,,,,
Coalinga,040192617900,Unspecified,5-1WR,Chevron U.S.A. Inc.,Active,1,2020-02-29,2020-02-29,1,8.0,7003.0,1113.48,0,,True,,False,,,,
Coalinga,040192618000,Unspecified,2-N2,Chevron U.S.A. Inc.,Active,0,2019-07-31,2019-07-31,1,2.0,1125.0,178.88,0,153.0,False,,False,,,,
Coalinga,040192618000,Unspecified,2-N2,Chevron U.S.A. Inc.,Active,1,2019-12-31,2019-12-31,1,7.0,6108.0,971.17,0,335.0,False,,False,,,,
Coalinga,040192618000,Unspecified,2-N2,Chevron U.S.A. Inc.,Active,2,2020-11-30,2020-11-30,1,2.0,938.0,149.14,0,,True,,False,,,,
Coalinga,040192618100,Unspecified,8-C1,Chevron U.S.A. Inc.,Active,0,2019-07-31,2019-07-31,1,2.0,1198.0,190.48,0,,True,,False,,,,
Coalinga,040192618200,Unspecified,3-1B,Chevron U.S.A. Inc.,Active,0,2019-08-31,2019-09-30,2,9.0,7255.0,1153.55,0,61.0,False,,False,,,,
Coalinga,040192618200,Unspecified,3-1B,Chevron U.S.A. Inc.,Active,1,2019-11-30,2019-11-30,1,7.0,6250.0,993.75,0,183.0,False,,False,,,,
Coalinga,040192618200,Unspecified,3-1B,Chevron U.S.A. Inc.,Active,2,2020-05-31,2020-05-31,1,7.0,6025.0,957.98,0,,True,,False,,,,
Coalinga,040192618300,Unspecified,8-B1,Chevron U.S.A. Inc.,Active,0,2019-08-31,2019-08-31,1,2.0,1082.0,172.04,0,122.0,False,,False,,,,
Coalinga,040192618300,Unspecified,8-B1,Chevron U.S.A. Inc.,Active,1,2019-12-31,2019-12-31,1,7.0,6031.0,958.93,0,305.0,False,,False,,,,
Coalinga,040192618300,Unspecified,8-B1,Chevron U.S.A. Inc.,Active,2,2020-10-31,2020-10-31,1,2.0,1051.0,167.11,0,,True,,False,,,,
Coalinga,040192618400,Unspecified,8-A2,Chevron U.S.A. Inc.,Active,0,2019-07-31,2019-08-31,2,9.0,7333.0,1165.95,0,,True,,False,,,,
Coalinga,040192618500,Unspecified,3-2B,Chevron U.S.A. Inc.,Active,0,2019-08-31,2019-09-30,2,9.0,7234.0,1150.21,0,92.0,False,,False,,,,
Coalinga,040192618500,Unspecified,3-2B,Chevron U.S.A. Inc.,Active,1,2019-12-31,2019-12-31,1,2.0,1017.0,161.7,0,182.0,False,,False,,,,
Coalinga,040192618500,Unspecified,3-2B,Chevron U.S.A. Inc.,Active,2,2020-06-30,2020-06-30,1,2.0,974.0,154.87,0,215.0,False,,False,,,,
Coalinga,040192618500,Unspecified,3-2B,Chevron U.S.A. Inc.,Active,3,2021-01-31,2021-01-31,1,2.0,1229.0,195.41,0,,True,,False,,,,
Coalinga,040192618600,PVF-S,7R,Chevron U.S.A. Inc.,Active,0,2020-05-31,2020-05-31,1,11.0,9944.0,1581.1,0,61.0,False,,False,,,,
Coalinga,040192618600,PVF-S,7R,Chevron U.S.A. Inc.,Active,1,2020-07-31,2020-08-31,2,9.0,7032.0,1118.09,0,61.0,False,,False,,,,
Coalinga,040192618600,PVF-S,7R,Chevron U.S.A. Inc.,Active,2,2020-10-31,2020-10-31,1,7.0,6081.0,966.88,0,,True,,False,,,,
Coalinga,040192618800,Esperanza,8-9R,Chevron U.S.A. Inc.,New,0,2019-09-30,2019-09-30,1,7.0,3331.0,529.63,0,92.0,False,,False,,,,
Coalinga,040192618800,Esperanza,8-9R,Chevron U.S.A. Inc.,New,1,2019-12-31,2019-12-31,1,11.0,9999.0,1589.84,0,152.0,False,,False,,,,
Coalinga,040192618800,Esperanza,8-9R,Chevron U.S.A. Inc.,New,2,2020-05-31,2020-05-31,1,8.0,6757.0,1074.36,0,153.0,False,,False,,,,
Coalinga,040192618800,Esperanza,8-9R,Chevron U.S.A. Inc.,New,3,2020-10-31,2020-10-31,1,7.0,5900.0,938.1,0,,True,,False,,,,
Coalinga,040192618900,PVF-S,5-8R,Chevron U.S.A. Inc.,Active,0,2019-10-31,2019-10-31,1,11.0,10012.0,1591.91,0,182.0,False,,False,,,,
Coalinga,040192618900,PVF-S,5-8R,Chevron U.S.A. Inc.,Active,1,2020-04-30,2020-04-30,1,7.0,5925.0,942.08,0,153.0,False,,False,,,,
Coalinga,040192618900,PVF-S,5-8R,Chevron U.S.A. Inc.,Active,2,2020-09-30,2020-09-30,1,7.0,6030.0,958.77,0,151.0,False,,False,,,,
Coalinga,040192618900,PVF-S,5-8R,Chevron U.S.A. Inc.,Active,3,2021-02-28,2021-02-28,1,7.0,5721.0,909.64,0,,True,,False,,,,
Coalinga,040192619600,Esperanza,8-10,Chevron U.S.A. Inc.,Active,0,2020-04-30,2020-04-30,1,3.0,2312.0,367.61,0,123.0,False,,False,,,,
Coalinga,040192619600,Esperanza,8-10,Chevron U.S.A. Inc.,Active,1,2020-08-31,2020-08-31,1,7.0,6137.0,975.78,0,61.0,False,,False,,,,
Coalinga,040192619600,Esperanza,8-10,Chevron U.S.A. Inc.,Active,2,2020-10-31,2020-11-30,2,7.0,6020.0,957.18,0,,True,,False,,,,
Coalinga,040192619700,PVF-S,7-8R,Chevron U.S.A. Inc.,Active,0,2019-09-30,2019-10-31,2,11.0,10018.0,1592.86,0,182.0,False,,False,,,,
Coalinga,040192619700,PVF-S,7-8R,Chevron U.S.A. Inc.,Active,1,2020-04-30,2020-04-30,1,7.0,6084.0,967.36,0,61.0,False,,False,,,,
Coalinga,040192619700,PVF-S,7-8R,Chevron U.S.A. Inc.,Active,2,2020-06-30,2020-07-31,2,14.0,12198.0,1939.48,0,,True,,False,,,,
Coalinga,040192620100,Premier,HB-7UH,Chevron U.S.A. Inc.,Active,0,2019-06-30,2019-06-30,1,7.0,6468.0,1028.41,0,62.0,False,,False,,,,
Coalinga,040192620100,Premier,HB-7UH,Chevron U.S.A. Inc.,Active,1,2019-08-31,2019-08-31,1,11.0,10428.0,1658.05,0,182.0,False,,False,,,,
Coalinga,040192620100,Premier,HB-7UH,Chevron U.S.A. Inc.,Active,2,2020-02-29,2020-02-29,1,11.0,9917.0,1576.8,0,92.0,False,,False,,,,
Coalinga,040192620100,Premier,HB-7UH,Chevron U.S.A. Inc.,Active,3,2020-05-31,2020-05-31,1,8.0,6722.0,1068.8,0,245.0,False,,False,,,,
Coalinga,040192620100,Premier,HB-7UH,Chevron U.S.A. Inc.,Active,4,2021-01-31,2021-01-31,1,7.0,5976.0,950.18,0,,True,,False,,,,
Coalinga,040192620200,Premier,H6-DJR,Chevron U.S.A. Inc.,Active,0,2019-06-30,2019-06-30,1,7.0,6386.0,1015.37,0,550.0,False,,False,,,,
Coalinga,040192620200,Premier,H6-DJR,Chevron U.S.A. Inc.,Active,1,2020-12-31,2020-12-31,1,7.0,5937.0,943.98,0,,True,,False,,,,
Coalinga,040192620300,PVF-E,H4-16C1,Chevron U.S.A. Inc.,Active,0,2020-04-30,2020-05-31,2,9.0,8217.0,1306.5,0,,True,,False,,,,
Coalinga,040192625900,Penn-Zier,S1-PZ-H2,Aera Energy LLC,Active,0,2021-05-31,2021-06-30,2,20.0,9972.0,1585.55,0,,True,,False,,,,
Coalinga,040192626000,Penn-Zier,S1-PZ-H1,Aera Energy LLC,New,0,2021-06-30,2021-07-31,2,21.0,10203.0,1622.28,0,,True,,False,,,,
Coalinga,040192626500,Esperanza,5-11R,Chevron U.S.A. Inc.,Active,0,2021-02-28,2021-02-28,1,1.0,155.0,24.64,0,,True,,False,,,,
Coalinga,040192630500,Call,S32CL-3-2C,Aera Energy LLC,Active,0,2021-01-31,2021-01-31,1,11.0,11208.0,1782.07,0,,True,,False,,,,
Coalinga,040192630700,Call,S32CL-4-1B,Aera Energy LLC,Active,0,2020-12-31,2020-12-31,1,9.0,9081.0,1443.88,0,,True,,False,,,,
Coalinga,040192631100,Call,S32CL-4-2A,Aera Energy LLC,New,0,2020-12-31,2020-12-31,1,12.0,12409.0,1973.03,0,,True,,False,,,,
Coalinga,040192631500,Call,S32CL-4-2C,Aera Energy LLC,Active,0,2020-12-31,2021-01-31,2,14.0,14177.0,2254.14,0,,True,,False,,,,
Coalinga,040192631600,Call,S32CL-4-2B,Aera Energy LLC,New,0,2020-12-31,2020-12-31,1,11.0,11189.0,1779.05,0,,True,,False,,,,
Coalinga,040192632200,Unspecified,S29-10-16,Aera Energy LLC,Active,0,2021-02-28,2021-02-28,1,22.0,11735.0,1865.87,0,,True,,False,,,,
Coalinga,040192632800,Call,S32CL-1-4B,Aera Energy LLC,Active,0,2021-03-31,2021-04-30,2,13.0,3415.0,542.99,0,,True,,False,,,,
