well_id,thickness_m,mu_ref_cP,aof_mult,water_cut,days_since_last_cycle,last_cycle_sor,current_cold_rate_m3d
BGW-S01,17.287,11072.149,1.215,0.839,64.846,7.878,0.543
BGW-S02,17.134,13502.45,0.777,0.79,167.195,7.634,0.347
BGW-S03,15.726,13759.331,0.966,0.745,235.196,3.319,0.432
BGW-S04,17.932,12421.651,1.155,0.771,389.158,7.466,0.516
BGW-S05,17.341,9362.471,0.98,0.709,87.087,6.415,0.438
BGW-S06,16.937,14772.568,0.895,0.774,203.736,3.947,0.4
BGW-S07,9.559,11329.934,0.836,0.834,191.746,7.163,0.374
BGW-S08,16.403,10186.566,1.199,0.861,173.367,4.442,0.536
BGW-S09,16.19,8978.267,0.82,0.701,321.162,6.324,0.367
BGW-S10,16.462,13465.103,0.975,0.814,81.725,3.573,0.436
BGW-S11,16.021,11297.673,1.039,0.853,264.846,5.768,0.465
BGW-S12,14.71,10127.651,0.718,0.787,109.396,5.043,0.321
